"","from","to","mask_mandates_overLap","width","title"
"1","AK","AL",97,0.97,"97 days shared in 2020"
"2","AK","AR",101,1.01,"101 days shared in 2020"
"3","AK","AZ",266,2.66,"266 days shared in 2020"
"4","AK","CA",69,0.69,"69 days shared in 2020"
"5","AK","CO",97,0.97,"97 days shared in 2020"
"6","AK","CT",10,0.1,"10 days shared in 2020"
"7","AK","DE",18,0.18,"18 days shared in 2020"
"8","AK","FL",266,2.66,"266 days shared in 2020"
"9","AK","GA",266,2.66,"266 days shared in 2020"
"10","AK","HI",7,0.07,"7 days shared in 2020"
"11","AK","IA",221,2.21,"221 days shared in 2020"
"12","AK","ID",266,2.66,"266 days shared in 2020"
"13","AK","IL",21,0.21,"21 days shared in 2020"
"14","AK","IN",108,1.08,"108 days shared in 2020"
"15","AK","KS",84,0.84,"84 days shared in 2020"
"16","AK","KY",91,0.91,"91 days shared in 2020"
"17","AK","LA",94,0.94,"94 days shared in 2020"
"18","AK","MA",26,0.26,"26 days shared in 2020"
"19","AK","MD",8,0.08,"8 days shared in 2020"
"20","AK","ME",21,0.21,"21 days shared in 2020"
"21","AK","MI",19,0.19,"19 days shared in 2020"
"22","AK","MN",105,1.05,"105 days shared in 2020"
"23","AK","MO",266,2.66,"266 days shared in 2020"
"24","AK","MS",180,1.8,"180 days shared in 2020"
"25","AK","MT",96,0.96,"96 days shared in 2020"
"26","AK","NC",77,0.77,"77 days shared in 2020"
"27","AK","ND",218,2.18,"218 days shared in 2020"
"28","AK","NE",266,2.66,"266 days shared in 2020"
"29","AK","NH",224,2.24,"224 days shared in 2020"
"30","AK","NJ",0,0,"0 days shared in 2020"
"31","AK","NM",35,0.35,"35 days shared in 2020"
"32","AK","NV",75,0.75,"75 days shared in 2020"
"33","AK","NY",7,0.07,"7 days shared in 2020"
"34","AK","OH",104,1.04,"104 days shared in 2020"
"35","AK","OK",266,2.66,"266 days shared in 2020"
"36","AK","OR",82,0.82,"82 days shared in 2020"
"37","AK","PA",9,0.09,"9 days shared in 2020"
"38","AK","RI",28,0.28,"28 days shared in 2020"
"39","AK","SC",266,2.66,"266 days shared in 2020"
"40","AK","SD",266,2.66,"266 days shared in 2020"
"41","AK","TN",266,2.66,"266 days shared in 2020"
"42","AK","TX",84,0.84,"84 days shared in 2020"
"43","AK","UT",187,1.87,"187 days shared in 2020"
"44","AK","VA",49,0.49,"49 days shared in 2020"
"45","AK","VT",113,1.13,"113 days shared in 2020"
"46","AK","WA",77,0.77,"77 days shared in 2020"
"47","AK","WI",113,1.13,"113 days shared in 2020"
"48","AK","WV",88,0.88,"88 days shared in 2020"
"49","AK","WY",266,2.66,"266 days shared in 2020"
"50","AL","AR",262,2.62,"262 days shared in 2020"
"51","AL","AZ",97,0.97,"97 days shared in 2020"
"52","AL","CA",238,2.38,"238 days shared in 2020"
"53","AL","CO",266,2.66,"266 days shared in 2020"
"54","AL","CT",179,1.79,"179 days shared in 2020"
"55","AL","DE",187,1.87,"187 days shared in 2020"
"56","AL","FL",97,0.97,"97 days shared in 2020"
"57","AL","GA",97,0.97,"97 days shared in 2020"
"58","AL","HI",176,1.76,"176 days shared in 2020"
"59","AL","IA",142,1.42,"142 days shared in 2020"
"60","AL","ID",97,0.97,"97 days shared in 2020"
"61","AL","IL",190,1.9,"190 days shared in 2020"
"62","AL","IN",255,2.55,"255 days shared in 2020"
"63","AL","KS",253,2.53,"253 days shared in 2020"
"64","AL","KY",260,2.6,"260 days shared in 2020"
"65","AL","LA",263,2.63,"263 days shared in 2020"
"66","AL","MA",195,1.95,"195 days shared in 2020"
"67","AL","MD",177,1.77,"177 days shared in 2020"
"68","AL","ME",190,1.9,"190 days shared in 2020"
"69","AL","MI",182,1.82,"182 days shared in 2020"
"70","AL","MN",258,2.58,"258 days shared in 2020"
"71","AL","MO",97,0.97,"97 days shared in 2020"
"72","AL","MS",183,1.83,"183 days shared in 2020"
"73","AL","MT",265,2.65,"265 days shared in 2020"
"74","AL","NC",246,2.46,"246 days shared in 2020"
"75","AL","ND",145,1.45,"145 days shared in 2020"
"76","AL","NE",97,0.97,"97 days shared in 2020"
"77","AL","NH",139,1.39,"139 days shared in 2020"
"78","AL","NJ",169,1.69,"169 days shared in 2020"
"79","AL","NM",204,2.04,"204 days shared in 2020"
"80","AL","NV",244,2.44,"244 days shared in 2020"
"81","AL","NY",176,1.76,"176 days shared in 2020"
"82","AL","OH",259,2.59,"259 days shared in 2020"
"83","AL","OK",97,0.97,"97 days shared in 2020"
"84","AL","OR",251,2.51,"251 days shared in 2020"
"85","AL","PA",178,1.78,"178 days shared in 2020"
"86","AL","RI",197,1.97,"197 days shared in 2020"
"87","AL","SC",97,0.97,"97 days shared in 2020"
"88","AL","SD",97,0.97,"97 days shared in 2020"
"89","AL","TN",97,0.97,"97 days shared in 2020"
"90","AL","TX",253,2.53,"253 days shared in 2020"
"91","AL","UT",176,1.76,"176 days shared in 2020"
"92","AL","VA",218,2.18,"218 days shared in 2020"
"93","AL","VT",250,2.5,"250 days shared in 2020"
"94","AL","WA",246,2.46,"246 days shared in 2020"
"95","AL","WI",250,2.5,"250 days shared in 2020"
"96","AL","WV",257,2.57,"257 days shared in 2020"
"97","AL","WY",97,0.97,"97 days shared in 2020"
"98","AR","AZ",101,1.01,"101 days shared in 2020"
"99","AR","CA",234,2.34,"234 days shared in 2020"
"100","AR","CO",262,2.62,"262 days shared in 2020"
"101","AR","CT",175,1.75,"175 days shared in 2020"
"102","AR","DE",183,1.83,"183 days shared in 2020"
"103","AR","FL",101,1.01,"101 days shared in 2020"
"104","AR","GA",101,1.01,"101 days shared in 2020"
"105","AR","HI",172,1.72,"172 days shared in 2020"
"106","AR","IA",146,1.46,"146 days shared in 2020"
"107","AR","ID",101,1.01,"101 days shared in 2020"
"108","AR","IL",186,1.86,"186 days shared in 2020"
"109","AR","IN",259,2.59,"259 days shared in 2020"
"110","AR","KS",249,2.49,"249 days shared in 2020"
"111","AR","KY",256,2.56,"256 days shared in 2020"
"112","AR","LA",259,2.59,"259 days shared in 2020"
"113","AR","MA",191,1.91,"191 days shared in 2020"
"114","AR","MD",173,1.73,"173 days shared in 2020"
"115","AR","ME",186,1.86,"186 days shared in 2020"
"116","AR","MI",178,1.78,"178 days shared in 2020"
"117","AR","MN",262,2.62,"262 days shared in 2020"
"118","AR","MO",101,1.01,"101 days shared in 2020"
"119","AR","MS",187,1.87,"187 days shared in 2020"
"120","AR","MT",261,2.61,"261 days shared in 2020"
"121","AR","NC",242,2.42,"242 days shared in 2020"
"122","AR","ND",149,1.49,"149 days shared in 2020"
"123","AR","NE",101,1.01,"101 days shared in 2020"
"124","AR","NH",143,1.43,"143 days shared in 2020"
"125","AR","NJ",165,1.65,"165 days shared in 2020"
"126","AR","NM",200,2,"200 days shared in 2020"
"127","AR","NV",240,2.4,"240 days shared in 2020"
"128","AR","NY",172,1.72,"172 days shared in 2020"
"129","AR","OH",263,2.63,"263 days shared in 2020"
"130","AR","OK",101,1.01,"101 days shared in 2020"
"131","AR","OR",247,2.47,"247 days shared in 2020"
"132","AR","PA",174,1.74,"174 days shared in 2020"
"133","AR","RI",193,1.93,"193 days shared in 2020"
"134","AR","SC",101,1.01,"101 days shared in 2020"
"135","AR","SD",101,1.01,"101 days shared in 2020"
"136","AR","TN",101,1.01,"101 days shared in 2020"
"137","AR","TX",249,2.49,"249 days shared in 2020"
"138","AR","UT",180,1.8,"180 days shared in 2020"
"139","AR","VA",214,2.14,"214 days shared in 2020"
"140","AR","VT",254,2.54,"254 days shared in 2020"
"141","AR","WA",242,2.42,"242 days shared in 2020"
"142","AR","WI",254,2.54,"254 days shared in 2020"
"143","AR","WV",253,2.53,"253 days shared in 2020"
"144","AR","WY",101,1.01,"101 days shared in 2020"
"145","AZ","CA",69,0.69,"69 days shared in 2020"
"146","AZ","CO",97,0.97,"97 days shared in 2020"
"147","AZ","CT",10,0.1,"10 days shared in 2020"
"148","AZ","DE",18,0.18,"18 days shared in 2020"
"149","AZ","FL",266,2.66,"266 days shared in 2020"
"150","AZ","GA",266,2.66,"266 days shared in 2020"
"151","AZ","HI",7,0.07,"7 days shared in 2020"
"152","AZ","IA",221,2.21,"221 days shared in 2020"
"153","AZ","ID",266,2.66,"266 days shared in 2020"
"154","AZ","IL",21,0.21,"21 days shared in 2020"
"155","AZ","IN",108,1.08,"108 days shared in 2020"
"156","AZ","KS",84,0.84,"84 days shared in 2020"
"157","AZ","KY",91,0.91,"91 days shared in 2020"
"158","AZ","LA",94,0.94,"94 days shared in 2020"
"159","AZ","MA",26,0.26,"26 days shared in 2020"
"160","AZ","MD",8,0.08,"8 days shared in 2020"
"161","AZ","ME",21,0.21,"21 days shared in 2020"
"162","AZ","MI",19,0.19,"19 days shared in 2020"
"163","AZ","MN",105,1.05,"105 days shared in 2020"
"164","AZ","MO",266,2.66,"266 days shared in 2020"
"165","AZ","MS",180,1.8,"180 days shared in 2020"
"166","AZ","MT",96,0.96,"96 days shared in 2020"
"167","AZ","NC",77,0.77,"77 days shared in 2020"
"168","AZ","ND",218,2.18,"218 days shared in 2020"
"169","AZ","NE",266,2.66,"266 days shared in 2020"
"170","AZ","NH",224,2.24,"224 days shared in 2020"
"171","AZ","NJ",0,0,"0 days shared in 2020"
"172","AZ","NM",35,0.35,"35 days shared in 2020"
"173","AZ","NV",75,0.75,"75 days shared in 2020"
"174","AZ","NY",7,0.07,"7 days shared in 2020"
"175","AZ","OH",104,1.04,"104 days shared in 2020"
"176","AZ","OK",266,2.66,"266 days shared in 2020"
"177","AZ","OR",82,0.82,"82 days shared in 2020"
"178","AZ","PA",9,0.09,"9 days shared in 2020"
"179","AZ","RI",28,0.28,"28 days shared in 2020"
"180","AZ","SC",266,2.66,"266 days shared in 2020"
"181","AZ","SD",266,2.66,"266 days shared in 2020"
"182","AZ","TN",266,2.66,"266 days shared in 2020"
"183","AZ","TX",84,0.84,"84 days shared in 2020"
"184","AZ","UT",187,1.87,"187 days shared in 2020"
"185","AZ","VA",49,0.49,"49 days shared in 2020"
"186","AZ","VT",113,1.13,"113 days shared in 2020"
"187","AZ","WA",77,0.77,"77 days shared in 2020"
"188","AZ","WI",113,1.13,"113 days shared in 2020"
"189","AZ","WV",88,0.88,"88 days shared in 2020"
"190","AZ","WY",266,2.66,"266 days shared in 2020"
"191","CA","CO",238,2.38,"238 days shared in 2020"
"192","CA","CT",207,2.07,"207 days shared in 2020"
"193","CA","DE",215,2.15,"215 days shared in 2020"
"194","CA","FL",69,0.69,"69 days shared in 2020"
"195","CA","GA",69,0.69,"69 days shared in 2020"
"196","CA","HI",204,2.04,"204 days shared in 2020"
"197","CA","IA",114,1.14,"114 days shared in 2020"
"198","CA","ID",69,0.69,"69 days shared in 2020"
"199","CA","IL",218,2.18,"218 days shared in 2020"
"200","CA","IN",227,2.27,"227 days shared in 2020"
"201","CA","KS",251,2.51,"251 days shared in 2020"
"202","CA","KY",244,2.44,"244 days shared in 2020"
"203","CA","LA",241,2.41,"241 days shared in 2020"
"204","CA","MA",223,2.23,"223 days shared in 2020"
"205","CA","MD",205,2.05,"205 days shared in 2020"
"206","CA","ME",218,2.18,"218 days shared in 2020"
"207","CA","MI",210,2.1,"210 days shared in 2020"
"208","CA","MN",230,2.3,"230 days shared in 2020"
"209","CA","MO",69,0.69,"69 days shared in 2020"
"210","CA","MS",155,1.55,"155 days shared in 2020"
"211","CA","MT",239,2.39,"239 days shared in 2020"
"212","CA","NC",258,2.58,"258 days shared in 2020"
"213","CA","ND",117,1.17,"117 days shared in 2020"
"214","CA","NE",69,0.69,"69 days shared in 2020"
"215","CA","NH",111,1.11,"111 days shared in 2020"
"216","CA","NJ",197,1.97,"197 days shared in 2020"
"217","CA","NM",232,2.32,"232 days shared in 2020"
"218","CA","NV",260,2.6,"260 days shared in 2020"
"219","CA","NY",204,2.04,"204 days shared in 2020"
"220","CA","OH",231,2.31,"231 days shared in 2020"
"221","CA","OK",69,0.69,"69 days shared in 2020"
"222","CA","OR",253,2.53,"253 days shared in 2020"
"223","CA","PA",206,2.06,"206 days shared in 2020"
"224","CA","RI",225,2.25,"225 days shared in 2020"
"225","CA","SC",69,0.69,"69 days shared in 2020"
"226","CA","SD",69,0.69,"69 days shared in 2020"
"227","CA","TN",69,0.69,"69 days shared in 2020"
"228","CA","TX",251,2.51,"251 days shared in 2020"
"229","CA","UT",148,1.48,"148 days shared in 2020"
"230","CA","VA",246,2.46,"246 days shared in 2020"
"231","CA","VT",222,2.22,"222 days shared in 2020"
"232","CA","WA",258,2.58,"258 days shared in 2020"
"233","CA","WI",222,2.22,"222 days shared in 2020"
"234","CA","WV",247,2.47,"247 days shared in 2020"
"235","CA","WY",69,0.69,"69 days shared in 2020"
"236","CO","CT",179,1.79,"179 days shared in 2020"
"237","CO","DE",187,1.87,"187 days shared in 2020"
"238","CO","FL",97,0.97,"97 days shared in 2020"
"239","CO","GA",97,0.97,"97 days shared in 2020"
"240","CO","HI",176,1.76,"176 days shared in 2020"
"241","CO","IA",142,1.42,"142 days shared in 2020"
"242","CO","ID",97,0.97,"97 days shared in 2020"
"243","CO","IL",190,1.9,"190 days shared in 2020"
"244","CO","IN",255,2.55,"255 days shared in 2020"
"245","CO","KS",253,2.53,"253 days shared in 2020"
"246","CO","KY",260,2.6,"260 days shared in 2020"
"247","CO","LA",263,2.63,"263 days shared in 2020"
"248","CO","MA",195,1.95,"195 days shared in 2020"
"249","CO","MD",177,1.77,"177 days shared in 2020"
"250","CO","ME",190,1.9,"190 days shared in 2020"
"251","CO","MI",182,1.82,"182 days shared in 2020"
"252","CO","MN",258,2.58,"258 days shared in 2020"
"253","CO","MO",97,0.97,"97 days shared in 2020"
"254","CO","MS",183,1.83,"183 days shared in 2020"
"255","CO","MT",265,2.65,"265 days shared in 2020"
"256","CO","NC",246,2.46,"246 days shared in 2020"
"257","CO","ND",145,1.45,"145 days shared in 2020"
"258","CO","NE",97,0.97,"97 days shared in 2020"
"259","CO","NH",139,1.39,"139 days shared in 2020"
"260","CO","NJ",169,1.69,"169 days shared in 2020"
"261","CO","NM",204,2.04,"204 days shared in 2020"
"262","CO","NV",244,2.44,"244 days shared in 2020"
"263","CO","NY",176,1.76,"176 days shared in 2020"
"264","CO","OH",259,2.59,"259 days shared in 2020"
"265","CO","OK",97,0.97,"97 days shared in 2020"
"266","CO","OR",251,2.51,"251 days shared in 2020"
"267","CO","PA",178,1.78,"178 days shared in 2020"
"268","CO","RI",197,1.97,"197 days shared in 2020"
"269","CO","SC",97,0.97,"97 days shared in 2020"
"270","CO","SD",97,0.97,"97 days shared in 2020"
"271","CO","TN",97,0.97,"97 days shared in 2020"
"272","CO","TX",253,2.53,"253 days shared in 2020"
"273","CO","UT",176,1.76,"176 days shared in 2020"
"274","CO","VA",218,2.18,"218 days shared in 2020"
"275","CO","VT",250,2.5,"250 days shared in 2020"
"276","CO","WA",246,2.46,"246 days shared in 2020"
"277","CO","WI",250,2.5,"250 days shared in 2020"
"278","CO","WV",257,2.57,"257 days shared in 2020"
"279","CO","WY",97,0.97,"97 days shared in 2020"
"280","CT","DE",258,2.58,"258 days shared in 2020"
"281","CT","FL",10,0.1,"10 days shared in 2020"
"282","CT","GA",10,0.1,"10 days shared in 2020"
"283","CT","HI",263,2.63,"263 days shared in 2020"
"284","CT","IA",55,0.55,"55 days shared in 2020"
"285","CT","ID",10,0.1,"10 days shared in 2020"
"286","CT","IL",255,2.55,"255 days shared in 2020"
"287","CT","IN",168,1.68,"168 days shared in 2020"
"288","CT","KS",192,1.92,"192 days shared in 2020"
"289","CT","KY",185,1.85,"185 days shared in 2020"
"290","CT","LA",182,1.82,"182 days shared in 2020"
"291","CT","MA",250,2.5,"250 days shared in 2020"
"292","CT","MD",264,2.64,"264 days shared in 2020"
"293","CT","ME",255,2.55,"255 days shared in 2020"
"294","CT","MI",257,2.57,"257 days shared in 2020"
"295","CT","MN",171,1.71,"171 days shared in 2020"
"296","CT","MO",10,0.1,"10 days shared in 2020"
"297","CT","MS",96,0.96,"96 days shared in 2020"
"298","CT","MT",180,1.8,"180 days shared in 2020"
"299","CT","NC",199,1.99,"199 days shared in 2020"
"300","CT","ND",58,0.58,"58 days shared in 2020"
"301","CT","NE",10,0.1,"10 days shared in 2020"
"302","CT","NH",52,0.52,"52 days shared in 2020"
"303","CT","NJ",256,2.56,"256 days shared in 2020"
"304","CT","NM",241,2.41,"241 days shared in 2020"
"305","CT","NV",201,2.01,"201 days shared in 2020"
"306","CT","NY",263,2.63,"263 days shared in 2020"
"307","CT","OH",172,1.72,"172 days shared in 2020"
"308","CT","OK",10,0.1,"10 days shared in 2020"
"309","CT","OR",194,1.94,"194 days shared in 2020"
"310","CT","PA",265,2.65,"265 days shared in 2020"
"311","CT","RI",248,2.48,"248 days shared in 2020"
"312","CT","SC",10,0.1,"10 days shared in 2020"
"313","CT","SD",10,0.1,"10 days shared in 2020"
"314","CT","TN",10,0.1,"10 days shared in 2020"
"315","CT","TX",192,1.92,"192 days shared in 2020"
"316","CT","UT",89,0.89,"89 days shared in 2020"
"317","CT","VA",227,2.27,"227 days shared in 2020"
"318","CT","VT",163,1.63,"163 days shared in 2020"
"319","CT","WA",199,1.99,"199 days shared in 2020"
"320","CT","WI",163,1.63,"163 days shared in 2020"
"321","CT","WV",188,1.88,"188 days shared in 2020"
"322","CT","WY",10,0.1,"10 days shared in 2020"
"323","DE","FL",18,0.18,"18 days shared in 2020"
"324","DE","GA",18,0.18,"18 days shared in 2020"
"325","DE","HI",255,2.55,"255 days shared in 2020"
"326","DE","IA",63,0.63,"63 days shared in 2020"
"327","DE","ID",18,0.18,"18 days shared in 2020"
"328","DE","IL",263,2.63,"263 days shared in 2020"
"329","DE","IN",176,1.76,"176 days shared in 2020"
"330","DE","KS",200,2,"200 days shared in 2020"
"331","DE","KY",193,1.93,"193 days shared in 2020"
"332","DE","LA",190,1.9,"190 days shared in 2020"
"333","DE","MA",258,2.58,"258 days shared in 2020"
"334","DE","MD",256,2.56,"256 days shared in 2020"
"335","DE","ME",263,2.63,"263 days shared in 2020"
"336","DE","MI",261,2.61,"261 days shared in 2020"
"337","DE","MN",179,1.79,"179 days shared in 2020"
"338","DE","MO",18,0.18,"18 days shared in 2020"
"339","DE","MS",104,1.04,"104 days shared in 2020"
"340","DE","MT",188,1.88,"188 days shared in 2020"
"341","DE","NC",207,2.07,"207 days shared in 2020"
"342","DE","ND",66,0.66,"66 days shared in 2020"
"343","DE","NE",18,0.18,"18 days shared in 2020"
"344","DE","NH",60,0.6,"60 days shared in 2020"
"345","DE","NJ",248,2.48,"248 days shared in 2020"
"346","DE","NM",249,2.49,"249 days shared in 2020"
"347","DE","NV",209,2.09,"209 days shared in 2020"
"348","DE","NY",255,2.55,"255 days shared in 2020"
"349","DE","OH",180,1.8,"180 days shared in 2020"
"350","DE","OK",18,0.18,"18 days shared in 2020"
"351","DE","OR",202,2.02,"202 days shared in 2020"
"352","DE","PA",257,2.57,"257 days shared in 2020"
"353","DE","RI",256,2.56,"256 days shared in 2020"
"354","DE","SC",18,0.18,"18 days shared in 2020"
"355","DE","SD",18,0.18,"18 days shared in 2020"
"356","DE","TN",18,0.18,"18 days shared in 2020"
"357","DE","TX",200,2,"200 days shared in 2020"
"358","DE","UT",97,0.97,"97 days shared in 2020"
"359","DE","VA",235,2.35,"235 days shared in 2020"
"360","DE","VT",171,1.71,"171 days shared in 2020"
"361","DE","WA",207,2.07,"207 days shared in 2020"
"362","DE","WI",171,1.71,"171 days shared in 2020"
"363","DE","WV",196,1.96,"196 days shared in 2020"
"364","DE","WY",18,0.18,"18 days shared in 2020"
"365","FL","GA",266,2.66,"266 days shared in 2020"
"366","FL","HI",7,0.07,"7 days shared in 2020"
"367","FL","IA",221,2.21,"221 days shared in 2020"
"368","FL","ID",266,2.66,"266 days shared in 2020"
"369","FL","IL",21,0.21,"21 days shared in 2020"
"370","FL","IN",108,1.08,"108 days shared in 2020"
"371","FL","KS",84,0.84,"84 days shared in 2020"
"372","FL","KY",91,0.91,"91 days shared in 2020"
"373","FL","LA",94,0.94,"94 days shared in 2020"
"374","FL","MA",26,0.26,"26 days shared in 2020"
"375","FL","MD",8,0.08,"8 days shared in 2020"
"376","FL","ME",21,0.21,"21 days shared in 2020"
"377","FL","MI",19,0.19,"19 days shared in 2020"
"378","FL","MN",105,1.05,"105 days shared in 2020"
"379","FL","MO",266,2.66,"266 days shared in 2020"
"380","FL","MS",180,1.8,"180 days shared in 2020"
"381","FL","MT",96,0.96,"96 days shared in 2020"
"382","FL","NC",77,0.77,"77 days shared in 2020"
"383","FL","ND",218,2.18,"218 days shared in 2020"
"384","FL","NE",266,2.66,"266 days shared in 2020"
"385","FL","NH",224,2.24,"224 days shared in 2020"
"386","FL","NJ",0,0,"0 days shared in 2020"
"387","FL","NM",35,0.35,"35 days shared in 2020"
"388","FL","NV",75,0.75,"75 days shared in 2020"
"389","FL","NY",7,0.07,"7 days shared in 2020"
"390","FL","OH",104,1.04,"104 days shared in 2020"
"391","FL","OK",266,2.66,"266 days shared in 2020"
"392","FL","OR",82,0.82,"82 days shared in 2020"
"393","FL","PA",9,0.09,"9 days shared in 2020"
"394","FL","RI",28,0.28,"28 days shared in 2020"
"395","FL","SC",266,2.66,"266 days shared in 2020"
"396","FL","SD",266,2.66,"266 days shared in 2020"
"397","FL","TN",266,2.66,"266 days shared in 2020"
"398","FL","TX",84,0.84,"84 days shared in 2020"
"399","FL","UT",187,1.87,"187 days shared in 2020"
"400","FL","VA",49,0.49,"49 days shared in 2020"
"401","FL","VT",113,1.13,"113 days shared in 2020"
"402","FL","WA",77,0.77,"77 days shared in 2020"
"403","FL","WI",113,1.13,"113 days shared in 2020"
"404","FL","WV",88,0.88,"88 days shared in 2020"
"405","FL","WY",266,2.66,"266 days shared in 2020"
"406","GA","HI",7,0.07,"7 days shared in 2020"
"407","GA","IA",221,2.21,"221 days shared in 2020"
"408","GA","ID",266,2.66,"266 days shared in 2020"
"409","GA","IL",21,0.21,"21 days shared in 2020"
"410","GA","IN",108,1.08,"108 days shared in 2020"
"411","GA","KS",84,0.84,"84 days shared in 2020"
"412","GA","KY",91,0.91,"91 days shared in 2020"
"413","GA","LA",94,0.94,"94 days shared in 2020"
"414","GA","MA",26,0.26,"26 days shared in 2020"
"415","GA","MD",8,0.08,"8 days shared in 2020"
"416","GA","ME",21,0.21,"21 days shared in 2020"
"417","GA","MI",19,0.19,"19 days shared in 2020"
"418","GA","MN",105,1.05,"105 days shared in 2020"
"419","GA","MO",266,2.66,"266 days shared in 2020"
"420","GA","MS",180,1.8,"180 days shared in 2020"
"421","GA","MT",96,0.96,"96 days shared in 2020"
"422","GA","NC",77,0.77,"77 days shared in 2020"
"423","GA","ND",218,2.18,"218 days shared in 2020"
"424","GA","NE",266,2.66,"266 days shared in 2020"
"425","GA","NH",224,2.24,"224 days shared in 2020"
"426","GA","NJ",0,0,"0 days shared in 2020"
"427","GA","NM",35,0.35,"35 days shared in 2020"
"428","GA","NV",75,0.75,"75 days shared in 2020"
"429","GA","NY",7,0.07,"7 days shared in 2020"
"430","GA","OH",104,1.04,"104 days shared in 2020"
"431","GA","OK",266,2.66,"266 days shared in 2020"
"432","GA","OR",82,0.82,"82 days shared in 2020"
"433","GA","PA",9,0.09,"9 days shared in 2020"
"434","GA","RI",28,0.28,"28 days shared in 2020"
"435","GA","SC",266,2.66,"266 days shared in 2020"
"436","GA","SD",266,2.66,"266 days shared in 2020"
"437","GA","TN",266,2.66,"266 days shared in 2020"
"438","GA","TX",84,0.84,"84 days shared in 2020"
"439","GA","UT",187,1.87,"187 days shared in 2020"
"440","GA","VA",49,0.49,"49 days shared in 2020"
"441","GA","VT",113,1.13,"113 days shared in 2020"
"442","GA","WA",77,0.77,"77 days shared in 2020"
"443","GA","WI",113,1.13,"113 days shared in 2020"
"444","GA","WV",88,0.88,"88 days shared in 2020"
"445","GA","WY",266,2.66,"266 days shared in 2020"
"446","HI","IA",52,0.52,"52 days shared in 2020"
"447","HI","ID",7,0.07,"7 days shared in 2020"
"448","HI","IL",252,2.52,"252 days shared in 2020"
"449","HI","IN",165,1.65,"165 days shared in 2020"
"450","HI","KS",189,1.89,"189 days shared in 2020"
"451","HI","KY",182,1.82,"182 days shared in 2020"
"452","HI","LA",179,1.79,"179 days shared in 2020"
"453","HI","MA",247,2.47,"247 days shared in 2020"
"454","HI","MD",265,2.65,"265 days shared in 2020"
"455","HI","ME",252,2.52,"252 days shared in 2020"
"456","HI","MI",254,2.54,"254 days shared in 2020"
"457","HI","MN",168,1.68,"168 days shared in 2020"
"458","HI","MO",7,0.07,"7 days shared in 2020"
"459","HI","MS",93,0.93,"93 days shared in 2020"
"460","HI","MT",177,1.77,"177 days shared in 2020"
"461","HI","NC",196,1.96,"196 days shared in 2020"
"462","HI","ND",55,0.55,"55 days shared in 2020"
"463","HI","NE",7,0.07,"7 days shared in 2020"
"464","HI","NH",49,0.49,"49 days shared in 2020"
"465","HI","NJ",259,2.59,"259 days shared in 2020"
"466","HI","NM",238,2.38,"238 days shared in 2020"
"467","HI","NV",198,1.98,"198 days shared in 2020"
"468","HI","NY",266,2.66,"266 days shared in 2020"
"469","HI","OH",169,1.69,"169 days shared in 2020"
"470","HI","OK",7,0.07,"7 days shared in 2020"
"471","HI","OR",191,1.91,"191 days shared in 2020"
"472","HI","PA",264,2.64,"264 days shared in 2020"
"473","HI","RI",245,2.45,"245 days shared in 2020"
"474","HI","SC",7,0.07,"7 days shared in 2020"
"475","HI","SD",7,0.07,"7 days shared in 2020"
"476","HI","TN",7,0.07,"7 days shared in 2020"
"477","HI","TX",189,1.89,"189 days shared in 2020"
"478","HI","UT",86,0.86,"86 days shared in 2020"
"479","HI","VA",224,2.24,"224 days shared in 2020"
"480","HI","VT",160,1.6,"160 days shared in 2020"
"481","HI","WA",196,1.96,"196 days shared in 2020"
"482","HI","WI",160,1.6,"160 days shared in 2020"
"483","HI","WV",185,1.85,"185 days shared in 2020"
"484","HI","WY",7,0.07,"7 days shared in 2020"
"485","IA","ID",221,2.21,"221 days shared in 2020"
"486","IA","IL",66,0.66,"66 days shared in 2020"
"487","IA","IN",153,1.53,"153 days shared in 2020"
"488","IA","KS",129,1.29,"129 days shared in 2020"
"489","IA","KY",136,1.36,"136 days shared in 2020"
"490","IA","LA",139,1.39,"139 days shared in 2020"
"491","IA","MA",71,0.71,"71 days shared in 2020"
"492","IA","MD",53,0.53,"53 days shared in 2020"
"493","IA","ME",66,0.66,"66 days shared in 2020"
"494","IA","MI",64,0.64,"64 days shared in 2020"
"495","IA","MN",150,1.5,"150 days shared in 2020"
"496","IA","MO",221,2.21,"221 days shared in 2020"
"497","IA","MS",195,1.95,"195 days shared in 2020"
"498","IA","MT",141,1.41,"141 days shared in 2020"
"499","IA","NC",122,1.22,"122 days shared in 2020"
"500","IA","ND",263,2.63,"263 days shared in 2020"
"501","IA","NE",221,2.21,"221 days shared in 2020"
"502","IA","NH",263,2.63,"263 days shared in 2020"
"503","IA","NJ",45,0.45,"45 days shared in 2020"
"504","IA","NM",80,0.8,"80 days shared in 2020"
"505","IA","NV",120,1.2,"120 days shared in 2020"
"506","IA","NY",52,0.52,"52 days shared in 2020"
"507","IA","OH",149,1.49,"149 days shared in 2020"
"508","IA","OK",221,2.21,"221 days shared in 2020"
"509","IA","OR",127,1.27,"127 days shared in 2020"
"510","IA","PA",54,0.54,"54 days shared in 2020"
"511","IA","RI",73,0.73,"73 days shared in 2020"
"512","IA","SC",221,2.21,"221 days shared in 2020"
"513","IA","SD",221,2.21,"221 days shared in 2020"
"514","IA","TN",221,2.21,"221 days shared in 2020"
"515","IA","TX",129,1.29,"129 days shared in 2020"
"516","IA","UT",232,2.32,"232 days shared in 2020"
"517","IA","VA",94,0.94,"94 days shared in 2020"
"518","IA","VT",158,1.58,"158 days shared in 2020"
"519","IA","WA",122,1.22,"122 days shared in 2020"
"520","IA","WI",158,1.58,"158 days shared in 2020"
"521","IA","WV",133,1.33,"133 days shared in 2020"
"522","IA","WY",221,2.21,"221 days shared in 2020"
"523","ID","IL",21,0.21,"21 days shared in 2020"
"524","ID","IN",108,1.08,"108 days shared in 2020"
"525","ID","KS",84,0.84,"84 days shared in 2020"
"526","ID","KY",91,0.91,"91 days shared in 2020"
"527","ID","LA",94,0.94,"94 days shared in 2020"
"528","ID","MA",26,0.26,"26 days shared in 2020"
"529","ID","MD",8,0.08,"8 days shared in 2020"
"530","ID","ME",21,0.21,"21 days shared in 2020"
"531","ID","MI",19,0.19,"19 days shared in 2020"
"532","ID","MN",105,1.05,"105 days shared in 2020"
"533","ID","MO",266,2.66,"266 days shared in 2020"
"534","ID","MS",180,1.8,"180 days shared in 2020"
"535","ID","MT",96,0.96,"96 days shared in 2020"
"536","ID","NC",77,0.77,"77 days shared in 2020"
"537","ID","ND",218,2.18,"218 days shared in 2020"
"538","ID","NE",266,2.66,"266 days shared in 2020"
"539","ID","NH",224,2.24,"224 days shared in 2020"
"540","ID","NJ",0,0,"0 days shared in 2020"
"541","ID","NM",35,0.35,"35 days shared in 2020"
"542","ID","NV",75,0.75,"75 days shared in 2020"
"543","ID","NY",7,0.07,"7 days shared in 2020"
"544","ID","OH",104,1.04,"104 days shared in 2020"
"545","ID","OK",266,2.66,"266 days shared in 2020"
"546","ID","OR",82,0.82,"82 days shared in 2020"
"547","ID","PA",9,0.09,"9 days shared in 2020"
"548","ID","RI",28,0.28,"28 days shared in 2020"
"549","ID","SC",266,2.66,"266 days shared in 2020"
"550","ID","SD",266,2.66,"266 days shared in 2020"
"551","ID","TN",266,2.66,"266 days shared in 2020"
"552","ID","TX",84,0.84,"84 days shared in 2020"
"553","ID","UT",187,1.87,"187 days shared in 2020"
"554","ID","VA",49,0.49,"49 days shared in 2020"
"555","ID","VT",113,1.13,"113 days shared in 2020"
"556","ID","WA",77,0.77,"77 days shared in 2020"
"557","ID","WI",113,1.13,"113 days shared in 2020"
"558","ID","WV",88,0.88,"88 days shared in 2020"
"559","ID","WY",266,2.66,"266 days shared in 2020"
"560","IL","IN",179,1.79,"179 days shared in 2020"
"561","IL","KS",203,2.03,"203 days shared in 2020"
"562","IL","KY",196,1.96,"196 days shared in 2020"
"563","IL","LA",193,1.93,"193 days shared in 2020"
"564","IL","MA",261,2.61,"261 days shared in 2020"
"565","IL","MD",253,2.53,"253 days shared in 2020"
"566","IL","ME",266,2.66,"266 days shared in 2020"
"567","IL","MI",258,2.58,"258 days shared in 2020"
"568","IL","MN",182,1.82,"182 days shared in 2020"
"569","IL","MO",21,0.21,"21 days shared in 2020"
"570","IL","MS",107,1.07,"107 days shared in 2020"
"571","IL","MT",191,1.91,"191 days shared in 2020"
"572","IL","NC",210,2.1,"210 days shared in 2020"
"573","IL","ND",69,0.69,"69 days shared in 2020"
"574","IL","NE",21,0.21,"21 days shared in 2020"
"575","IL","NH",63,0.63,"63 days shared in 2020"
"576","IL","NJ",245,2.45,"245 days shared in 2020"
"577","IL","NM",252,2.52,"252 days shared in 2020"
"578","IL","NV",212,2.12,"212 days shared in 2020"
"579","IL","NY",252,2.52,"252 days shared in 2020"
"580","IL","OH",183,1.83,"183 days shared in 2020"
"581","IL","OK",21,0.21,"21 days shared in 2020"
"582","IL","OR",205,2.05,"205 days shared in 2020"
"583","IL","PA",254,2.54,"254 days shared in 2020"
"584","IL","RI",259,2.59,"259 days shared in 2020"
"585","IL","SC",21,0.21,"21 days shared in 2020"
"586","IL","SD",21,0.21,"21 days shared in 2020"
"587","IL","TN",21,0.21,"21 days shared in 2020"
"588","IL","TX",203,2.03,"203 days shared in 2020"
"589","IL","UT",100,1,"100 days shared in 2020"
"590","IL","VA",238,2.38,"238 days shared in 2020"
"591","IL","VT",174,1.74,"174 days shared in 2020"
"592","IL","WA",210,2.1,"210 days shared in 2020"
"593","IL","WI",174,1.74,"174 days shared in 2020"
"594","IL","WV",199,1.99,"199 days shared in 2020"
"595","IL","WY",21,0.21,"21 days shared in 2020"
"596","IN","KS",242,2.42,"242 days shared in 2020"
"597","IN","KY",249,2.49,"249 days shared in 2020"
"598","IN","LA",252,2.52,"252 days shared in 2020"
"599","IN","MA",184,1.84,"184 days shared in 2020"
"600","IN","MD",166,1.66,"166 days shared in 2020"
"601","IN","ME",179,1.79,"179 days shared in 2020"
"602","IN","MI",171,1.71,"171 days shared in 2020"
"603","IN","MN",263,2.63,"263 days shared in 2020"
"604","IN","MO",108,1.08,"108 days shared in 2020"
"605","IN","MS",194,1.94,"194 days shared in 2020"
"606","IN","MT",254,2.54,"254 days shared in 2020"
"607","IN","NC",235,2.35,"235 days shared in 2020"
"608","IN","ND",156,1.56,"156 days shared in 2020"
"609","IN","NE",108,1.08,"108 days shared in 2020"
"610","IN","NH",150,1.5,"150 days shared in 2020"
"611","IN","NJ",158,1.58,"158 days shared in 2020"
"612","IN","NM",193,1.93,"193 days shared in 2020"
"613","IN","NV",233,2.33,"233 days shared in 2020"
"614","IN","NY",165,1.65,"165 days shared in 2020"
"615","IN","OH",262,2.62,"262 days shared in 2020"
"616","IN","OK",108,1.08,"108 days shared in 2020"
"617","IN","OR",240,2.4,"240 days shared in 2020"
"618","IN","PA",167,1.67,"167 days shared in 2020"
"619","IN","RI",186,1.86,"186 days shared in 2020"
"620","IN","SC",108,1.08,"108 days shared in 2020"
"621","IN","SD",108,1.08,"108 days shared in 2020"
"622","IN","TN",108,1.08,"108 days shared in 2020"
"623","IN","TX",242,2.42,"242 days shared in 2020"
"624","IN","UT",187,1.87,"187 days shared in 2020"
"625","IN","VA",207,2.07,"207 days shared in 2020"
"626","IN","VT",261,2.61,"261 days shared in 2020"
"627","IN","WA",235,2.35,"235 days shared in 2020"
"628","IN","WI",261,2.61,"261 days shared in 2020"
"629","IN","WV",246,2.46,"246 days shared in 2020"
"630","IN","WY",108,1.08,"108 days shared in 2020"
"631","KS","KY",259,2.59,"259 days shared in 2020"
"632","KS","LA",256,2.56,"256 days shared in 2020"
"633","KS","MA",208,2.08,"208 days shared in 2020"
"634","KS","MD",190,1.9,"190 days shared in 2020"
"635","KS","ME",203,2.03,"203 days shared in 2020"
"636","KS","MI",195,1.95,"195 days shared in 2020"
"637","KS","MN",245,2.45,"245 days shared in 2020"
"638","KS","MO",84,0.84,"84 days shared in 2020"
"639","KS","MS",170,1.7,"170 days shared in 2020"
"640","KS","MT",254,2.54,"254 days shared in 2020"
"641","KS","NC",259,2.59,"259 days shared in 2020"
"642","KS","ND",132,1.32,"132 days shared in 2020"
"643","KS","NE",84,0.84,"84 days shared in 2020"
"644","KS","NH",126,1.26,"126 days shared in 2020"
"645","KS","NJ",182,1.82,"182 days shared in 2020"
"646","KS","NM",217,2.17,"217 days shared in 2020"
"647","KS","NV",257,2.57,"257 days shared in 2020"
"648","KS","NY",189,1.89,"189 days shared in 2020"
"649","KS","OH",246,2.46,"246 days shared in 2020"
"650","KS","OK",84,0.84,"84 days shared in 2020"
"651","KS","OR",264,2.64,"264 days shared in 2020"
"652","KS","PA",191,1.91,"191 days shared in 2020"
"653","KS","RI",210,2.1,"210 days shared in 2020"
"654","KS","SC",84,0.84,"84 days shared in 2020"
"655","KS","SD",84,0.84,"84 days shared in 2020"
"656","KS","TN",84,0.84,"84 days shared in 2020"
"657","KS","TX",266,2.66,"266 days shared in 2020"
"658","KS","UT",163,1.63,"163 days shared in 2020"
"659","KS","VA",231,2.31,"231 days shared in 2020"
"660","KS","VT",237,2.37,"237 days shared in 2020"
"661","KS","WA",259,2.59,"259 days shared in 2020"
"662","KS","WI",237,2.37,"237 days shared in 2020"
"663","KS","WV",262,2.62,"262 days shared in 2020"
"664","KS","WY",84,0.84,"84 days shared in 2020"
"665","KY","LA",263,2.63,"263 days shared in 2020"
"666","KY","MA",201,2.01,"201 days shared in 2020"
"667","KY","MD",183,1.83,"183 days shared in 2020"
"668","KY","ME",196,1.96,"196 days shared in 2020"
"669","KY","MI",188,1.88,"188 days shared in 2020"
"670","KY","MN",252,2.52,"252 days shared in 2020"
"671","KY","MO",91,0.91,"91 days shared in 2020"
"672","KY","MS",177,1.77,"177 days shared in 2020"
"673","KY","MT",261,2.61,"261 days shared in 2020"
"674","KY","NC",252,2.52,"252 days shared in 2020"
"675","KY","ND",139,1.39,"139 days shared in 2020"
"676","KY","NE",91,0.91,"91 days shared in 2020"
"677","KY","NH",133,1.33,"133 days shared in 2020"
"678","KY","NJ",175,1.75,"175 days shared in 2020"
"679","KY","NM",210,2.1,"210 days shared in 2020"
"680","KY","NV",250,2.5,"250 days shared in 2020"
"681","KY","NY",182,1.82,"182 days shared in 2020"
"682","KY","OH",253,2.53,"253 days shared in 2020"
"683","KY","OK",91,0.91,"91 days shared in 2020"
"684","KY","OR",257,2.57,"257 days shared in 2020"
"685","KY","PA",184,1.84,"184 days shared in 2020"
"686","KY","RI",203,2.03,"203 days shared in 2020"
"687","KY","SC",91,0.91,"91 days shared in 2020"
"688","KY","SD",91,0.91,"91 days shared in 2020"
"689","KY","TN",91,0.91,"91 days shared in 2020"
"690","KY","TX",259,2.59,"259 days shared in 2020"
"691","KY","UT",170,1.7,"170 days shared in 2020"
"692","KY","VA",224,2.24,"224 days shared in 2020"
"693","KY","VT",244,2.44,"244 days shared in 2020"
"694","KY","WA",252,2.52,"252 days shared in 2020"
"695","KY","WI",244,2.44,"244 days shared in 2020"
"696","KY","WV",263,2.63,"263 days shared in 2020"
"697","KY","WY",91,0.91,"91 days shared in 2020"
"698","LA","MA",198,1.98,"198 days shared in 2020"
"699","LA","MD",180,1.8,"180 days shared in 2020"
"700","LA","ME",193,1.93,"193 days shared in 2020"
"701","LA","MI",185,1.85,"185 days shared in 2020"
"702","LA","MN",255,2.55,"255 days shared in 2020"
"703","LA","MO",94,0.94,"94 days shared in 2020"
"704","LA","MS",180,1.8,"180 days shared in 2020"
"705","LA","MT",264,2.64,"264 days shared in 2020"
"706","LA","NC",249,2.49,"249 days shared in 2020"
"707","LA","ND",142,1.42,"142 days shared in 2020"
"708","LA","NE",94,0.94,"94 days shared in 2020"
"709","LA","NH",136,1.36,"136 days shared in 2020"
"710","LA","NJ",172,1.72,"172 days shared in 2020"
"711","LA","NM",207,2.07,"207 days shared in 2020"
"712","LA","NV",247,2.47,"247 days shared in 2020"
"713","LA","NY",179,1.79,"179 days shared in 2020"
"714","LA","OH",256,2.56,"256 days shared in 2020"
"715","LA","OK",94,0.94,"94 days shared in 2020"
"716","LA","OR",254,2.54,"254 days shared in 2020"
"717","LA","PA",181,1.81,"181 days shared in 2020"
"718","LA","RI",200,2,"200 days shared in 2020"
"719","LA","SC",94,0.94,"94 days shared in 2020"
"720","LA","SD",94,0.94,"94 days shared in 2020"
"721","LA","TN",94,0.94,"94 days shared in 2020"
"722","LA","TX",256,2.56,"256 days shared in 2020"
"723","LA","UT",173,1.73,"173 days shared in 2020"
"724","LA","VA",221,2.21,"221 days shared in 2020"
"725","LA","VT",247,2.47,"247 days shared in 2020"
"726","LA","WA",249,2.49,"249 days shared in 2020"
"727","LA","WI",247,2.47,"247 days shared in 2020"
"728","LA","WV",260,2.6,"260 days shared in 2020"
"729","LA","WY",94,0.94,"94 days shared in 2020"
"730","MA","MD",248,2.48,"248 days shared in 2020"
"731","MA","ME",261,2.61,"261 days shared in 2020"
"732","MA","MI",253,2.53,"253 days shared in 2020"
"733","MA","MN",187,1.87,"187 days shared in 2020"
"734","MA","MO",26,0.26,"26 days shared in 2020"
"735","MA","MS",112,1.12,"112 days shared in 2020"
"736","MA","MT",196,1.96,"196 days shared in 2020"
"737","MA","NC",215,2.15,"215 days shared in 2020"
"738","MA","ND",74,0.74,"74 days shared in 2020"
"739","MA","NE",26,0.26,"26 days shared in 2020"
"740","MA","NH",68,0.68,"68 days shared in 2020"
"741","MA","NJ",240,2.4,"240 days shared in 2020"
"742","MA","NM",257,2.57,"257 days shared in 2020"
"743","MA","NV",217,2.17,"217 days shared in 2020"
"744","MA","NY",247,2.47,"247 days shared in 2020"
"745","MA","OH",188,1.88,"188 days shared in 2020"
"746","MA","OK",26,0.26,"26 days shared in 2020"
"747","MA","OR",210,2.1,"210 days shared in 2020"
"748","MA","PA",249,2.49,"249 days shared in 2020"
"749","MA","RI",264,2.64,"264 days shared in 2020"
"750","MA","SC",26,0.26,"26 days shared in 2020"
"751","MA","SD",26,0.26,"26 days shared in 2020"
"752","MA","TN",26,0.26,"26 days shared in 2020"
"753","MA","TX",208,2.08,"208 days shared in 2020"
"754","MA","UT",105,1.05,"105 days shared in 2020"
"755","MA","VA",243,2.43,"243 days shared in 2020"
"756","MA","VT",179,1.79,"179 days shared in 2020"
"757","MA","WA",215,2.15,"215 days shared in 2020"
"758","MA","WI",179,1.79,"179 days shared in 2020"
"759","MA","WV",204,2.04,"204 days shared in 2020"
"760","MA","WY",26,0.26,"26 days shared in 2020"
"761","MD","ME",253,2.53,"253 days shared in 2020"
"762","MD","MI",255,2.55,"255 days shared in 2020"
"763","MD","MN",169,1.69,"169 days shared in 2020"
"764","MD","MO",8,0.08,"8 days shared in 2020"
"765","MD","MS",94,0.94,"94 days shared in 2020"
"766","MD","MT",178,1.78,"178 days shared in 2020"
"767","MD","NC",197,1.97,"197 days shared in 2020"
"768","MD","ND",56,0.56,"56 days shared in 2020"
"769","MD","NE",8,0.08,"8 days shared in 2020"
"770","MD","NH",50,0.5,"50 days shared in 2020"
"771","MD","NJ",258,2.58,"258 days shared in 2020"
"772","MD","NM",239,2.39,"239 days shared in 2020"
"773","MD","NV",199,1.99,"199 days shared in 2020"
"774","MD","NY",265,2.65,"265 days shared in 2020"
"775","MD","OH",170,1.7,"170 days shared in 2020"
"776","MD","OK",8,0.08,"8 days shared in 2020"
"777","MD","OR",192,1.92,"192 days shared in 2020"
"778","MD","PA",265,2.65,"265 days shared in 2020"
"779","MD","RI",246,2.46,"246 days shared in 2020"
"780","MD","SC",8,0.08,"8 days shared in 2020"
"781","MD","SD",8,0.08,"8 days shared in 2020"
"782","MD","TN",8,0.08,"8 days shared in 2020"
"783","MD","TX",190,1.9,"190 days shared in 2020"
"784","MD","UT",87,0.87,"87 days shared in 2020"
"785","MD","VA",225,2.25,"225 days shared in 2020"
"786","MD","VT",161,1.61,"161 days shared in 2020"
"787","MD","WA",197,1.97,"197 days shared in 2020"
"788","MD","WI",161,1.61,"161 days shared in 2020"
"789","MD","WV",186,1.86,"186 days shared in 2020"
"790","MD","WY",8,0.08,"8 days shared in 2020"
"791","ME","MI",258,2.58,"258 days shared in 2020"
"792","ME","MN",182,1.82,"182 days shared in 2020"
"793","ME","MO",21,0.21,"21 days shared in 2020"
"794","ME","MS",107,1.07,"107 days shared in 2020"
"795","ME","MT",191,1.91,"191 days shared in 2020"
"796","ME","NC",210,2.1,"210 days shared in 2020"
"797","ME","ND",69,0.69,"69 days shared in 2020"
"798","ME","NE",21,0.21,"21 days shared in 2020"
"799","ME","NH",63,0.63,"63 days shared in 2020"
"800","ME","NJ",245,2.45,"245 days shared in 2020"
"801","ME","NM",252,2.52,"252 days shared in 2020"
"802","ME","NV",212,2.12,"212 days shared in 2020"
"803","ME","NY",252,2.52,"252 days shared in 2020"
"804","ME","OH",183,1.83,"183 days shared in 2020"
"805","ME","OK",21,0.21,"21 days shared in 2020"
"806","ME","OR",205,2.05,"205 days shared in 2020"
"807","ME","PA",254,2.54,"254 days shared in 2020"
"808","ME","RI",259,2.59,"259 days shared in 2020"
"809","ME","SC",21,0.21,"21 days shared in 2020"
"810","ME","SD",21,0.21,"21 days shared in 2020"
"811","ME","TN",21,0.21,"21 days shared in 2020"
"812","ME","TX",203,2.03,"203 days shared in 2020"
"813","ME","UT",100,1,"100 days shared in 2020"
"814","ME","VA",238,2.38,"238 days shared in 2020"
"815","ME","VT",174,1.74,"174 days shared in 2020"
"816","ME","WA",210,2.1,"210 days shared in 2020"
"817","ME","WI",174,1.74,"174 days shared in 2020"
"818","ME","WV",199,1.99,"199 days shared in 2020"
"819","ME","WY",21,0.21,"21 days shared in 2020"
"820","MI","MN",174,1.74,"174 days shared in 2020"
"821","MI","MO",19,0.19,"19 days shared in 2020"
"822","MI","MS",105,1.05,"105 days shared in 2020"
"823","MI","MT",183,1.83,"183 days shared in 2020"
"824","MI","NC",202,2.02,"202 days shared in 2020"
"825","MI","ND",67,0.67,"67 days shared in 2020"
"826","MI","NE",19,0.19,"19 days shared in 2020"
"827","MI","NH",61,0.61,"61 days shared in 2020"
"828","MI","NJ",247,2.47,"247 days shared in 2020"
"829","MI","NM",244,2.44,"244 days shared in 2020"
"830","MI","NV",204,2.04,"204 days shared in 2020"
"831","MI","NY",254,2.54,"254 days shared in 2020"
"832","MI","OH",175,1.75,"175 days shared in 2020"
"833","MI","OK",19,0.19,"19 days shared in 2020"
"834","MI","OR",197,1.97,"197 days shared in 2020"
"835","MI","PA",256,2.56,"256 days shared in 2020"
"836","MI","RI",251,2.51,"251 days shared in 2020"
"837","MI","SC",19,0.19,"19 days shared in 2020"
"838","MI","SD",19,0.19,"19 days shared in 2020"
"839","MI","TN",19,0.19,"19 days shared in 2020"
"840","MI","TX",195,1.95,"195 days shared in 2020"
"841","MI","UT",98,0.98,"98 days shared in 2020"
"842","MI","VA",230,2.3,"230 days shared in 2020"
"843","MI","VT",166,1.66,"166 days shared in 2020"
"844","MI","WA",202,2.02,"202 days shared in 2020"
"845","MI","WI",166,1.66,"166 days shared in 2020"
"846","MI","WV",191,1.91,"191 days shared in 2020"
"847","MI","WY",19,0.19,"19 days shared in 2020"
"848","MN","MO",105,1.05,"105 days shared in 2020"
"849","MN","MS",191,1.91,"191 days shared in 2020"
"850","MN","MT",257,2.57,"257 days shared in 2020"
"851","MN","NC",238,2.38,"238 days shared in 2020"
"852","MN","ND",153,1.53,"153 days shared in 2020"
"853","MN","NE",105,1.05,"105 days shared in 2020"
"854","MN","NH",147,1.47,"147 days shared in 2020"
"855","MN","NJ",161,1.61,"161 days shared in 2020"
"856","MN","NM",196,1.96,"196 days shared in 2020"
"857","MN","NV",236,2.36,"236 days shared in 2020"
"858","MN","NY",168,1.68,"168 days shared in 2020"
"859","MN","OH",265,2.65,"265 days shared in 2020"
"860","MN","OK",105,1.05,"105 days shared in 2020"
"861","MN","OR",243,2.43,"243 days shared in 2020"
"862","MN","PA",170,1.7,"170 days shared in 2020"
"863","MN","RI",189,1.89,"189 days shared in 2020"
"864","MN","SC",105,1.05,"105 days shared in 2020"
"865","MN","SD",105,1.05,"105 days shared in 2020"
"866","MN","TN",105,1.05,"105 days shared in 2020"
"867","MN","TX",245,2.45,"245 days shared in 2020"
"868","MN","UT",184,1.84,"184 days shared in 2020"
"869","MN","VA",210,2.1,"210 days shared in 2020"
"870","MN","VT",258,2.58,"258 days shared in 2020"
"871","MN","WA",238,2.38,"238 days shared in 2020"
"872","MN","WI",258,2.58,"258 days shared in 2020"
"873","MN","WV",249,2.49,"249 days shared in 2020"
"874","MN","WY",105,1.05,"105 days shared in 2020"
"875","MO","MS",180,1.8,"180 days shared in 2020"
"876","MO","MT",96,0.96,"96 days shared in 2020"
"877","MO","NC",77,0.77,"77 days shared in 2020"
"878","MO","ND",218,2.18,"218 days shared in 2020"
"879","MO","NE",266,2.66,"266 days shared in 2020"
"880","MO","NH",224,2.24,"224 days shared in 2020"
"881","MO","NJ",0,0,"0 days shared in 2020"
"882","MO","NM",35,0.35,"35 days shared in 2020"
"883","MO","NV",75,0.75,"75 days shared in 2020"
"884","MO","NY",7,0.07,"7 days shared in 2020"
"885","MO","OH",104,1.04,"104 days shared in 2020"
"886","MO","OK",266,2.66,"266 days shared in 2020"
"887","MO","OR",82,0.82,"82 days shared in 2020"
"888","MO","PA",9,0.09,"9 days shared in 2020"
"889","MO","RI",28,0.28,"28 days shared in 2020"
"890","MO","SC",266,2.66,"266 days shared in 2020"
"891","MO","SD",266,2.66,"266 days shared in 2020"
"892","MO","TN",266,2.66,"266 days shared in 2020"
"893","MO","TX",84,0.84,"84 days shared in 2020"
"894","MO","UT",187,1.87,"187 days shared in 2020"
"895","MO","VA",49,0.49,"49 days shared in 2020"
"896","MO","VT",113,1.13,"113 days shared in 2020"
"897","MO","WA",77,0.77,"77 days shared in 2020"
"898","MO","WI",113,1.13,"113 days shared in 2020"
"899","MO","WV",88,0.88,"88 days shared in 2020"
"900","MO","WY",266,2.66,"266 days shared in 2020"
"901","MS","MT",182,1.82,"182 days shared in 2020"
"902","MS","NC",163,1.63,"163 days shared in 2020"
"903","MS","ND",192,1.92,"192 days shared in 2020"
"904","MS","NE",180,1.8,"180 days shared in 2020"
"905","MS","NH",198,1.98,"198 days shared in 2020"
"906","MS","NJ",86,0.86,"86 days shared in 2020"
"907","MS","NM",121,1.21,"121 days shared in 2020"
"908","MS","NV",161,1.61,"161 days shared in 2020"
"909","MS","NY",93,0.93,"93 days shared in 2020"
"910","MS","OH",190,1.9,"190 days shared in 2020"
"911","MS","OK",180,1.8,"180 days shared in 2020"
"912","MS","OR",168,1.68,"168 days shared in 2020"
"913","MS","PA",95,0.95,"95 days shared in 2020"
"914","MS","RI",114,1.14,"114 days shared in 2020"
"915","MS","SC",180,1.8,"180 days shared in 2020"
"916","MS","SD",180,1.8,"180 days shared in 2020"
"917","MS","TN",180,1.8,"180 days shared in 2020"
"918","MS","TX",170,1.7,"170 days shared in 2020"
"919","MS","UT",161,1.61,"161 days shared in 2020"
"920","MS","VA",135,1.35,"135 days shared in 2020"
"921","MS","VT",199,1.99,"199 days shared in 2020"
"922","MS","WA",163,1.63,"163 days shared in 2020"
"923","MS","WI",199,1.99,"199 days shared in 2020"
"924","MS","WV",174,1.74,"174 days shared in 2020"
"925","MS","WY",180,1.8,"180 days shared in 2020"
"926","MT","NC",247,2.47,"247 days shared in 2020"
"927","MT","ND",144,1.44,"144 days shared in 2020"
"928","MT","NE",96,0.96,"96 days shared in 2020"
"929","MT","NH",138,1.38,"138 days shared in 2020"
"930","MT","NJ",170,1.7,"170 days shared in 2020"
"931","MT","NM",205,2.05,"205 days shared in 2020"
"932","MT","NV",245,2.45,"245 days shared in 2020"
"933","MT","NY",177,1.77,"177 days shared in 2020"
"934","MT","OH",258,2.58,"258 days shared in 2020"
"935","MT","OK",96,0.96,"96 days shared in 2020"
"936","MT","OR",252,2.52,"252 days shared in 2020"
"937","MT","PA",179,1.79,"179 days shared in 2020"
"938","MT","RI",198,1.98,"198 days shared in 2020"
"939","MT","SC",96,0.96,"96 days shared in 2020"
"940","MT","SD",96,0.96,"96 days shared in 2020"
"941","MT","TN",96,0.96,"96 days shared in 2020"
"942","MT","TX",254,2.54,"254 days shared in 2020"
"943","MT","UT",175,1.75,"175 days shared in 2020"
"944","MT","VA",219,2.19,"219 days shared in 2020"
"945","MT","VT",249,2.49,"249 days shared in 2020"
"946","MT","WA",247,2.47,"247 days shared in 2020"
"947","MT","WI",249,2.49,"249 days shared in 2020"
"948","MT","WV",258,2.58,"258 days shared in 2020"
"949","MT","WY",96,0.96,"96 days shared in 2020"
"950","NC","ND",125,1.25,"125 days shared in 2020"
"951","NC","NE",77,0.77,"77 days shared in 2020"
"952","NC","NH",119,1.19,"119 days shared in 2020"
"953","NC","NJ",189,1.89,"189 days shared in 2020"
"954","NC","NM",224,2.24,"224 days shared in 2020"
"955","NC","NV",264,2.64,"264 days shared in 2020"
"956","NC","NY",196,1.96,"196 days shared in 2020"
"957","NC","OH",239,2.39,"239 days shared in 2020"
"958","NC","OK",77,0.77,"77 days shared in 2020"
"959","NC","OR",261,2.61,"261 days shared in 2020"
"960","NC","PA",198,1.98,"198 days shared in 2020"
"961","NC","RI",217,2.17,"217 days shared in 2020"
"962","NC","SC",77,0.77,"77 days shared in 2020"
"963","NC","SD",77,0.77,"77 days shared in 2020"
"964","NC","TN",77,0.77,"77 days shared in 2020"
"965","NC","TX",259,2.59,"259 days shared in 2020"
"966","NC","UT",156,1.56,"156 days shared in 2020"
"967","NC","VA",238,2.38,"238 days shared in 2020"
"968","NC","VT",230,2.3,"230 days shared in 2020"
"969","NC","WA",266,2.66,"266 days shared in 2020"
"970","NC","WI",230,2.3,"230 days shared in 2020"
"971","NC","WV",255,2.55,"255 days shared in 2020"
"972","NC","WY",77,0.77,"77 days shared in 2020"
"973","ND","NE",218,2.18,"218 days shared in 2020"
"974","ND","NH",260,2.6,"260 days shared in 2020"
"975","ND","NJ",48,0.48,"48 days shared in 2020"
"976","ND","NM",83,0.83,"83 days shared in 2020"
"977","ND","NV",123,1.23,"123 days shared in 2020"
"978","ND","NY",55,0.55,"55 days shared in 2020"
"979","ND","OH",152,1.52,"152 days shared in 2020"
"980","ND","OK",218,2.18,"218 days shared in 2020"
"981","ND","OR",130,1.3,"130 days shared in 2020"
"982","ND","PA",57,0.57,"57 days shared in 2020"
"983","ND","RI",76,0.76,"76 days shared in 2020"
"984","ND","SC",218,2.18,"218 days shared in 2020"
"985","ND","SD",218,2.18,"218 days shared in 2020"
"986","ND","TN",218,2.18,"218 days shared in 2020"
"987","ND","TX",132,1.32,"132 days shared in 2020"
"988","ND","UT",235,2.35,"235 days shared in 2020"
"989","ND","VA",97,0.97,"97 days shared in 2020"
"990","ND","VT",161,1.61,"161 days shared in 2020"
"991","ND","WA",125,1.25,"125 days shared in 2020"
"992","ND","WI",161,1.61,"161 days shared in 2020"
"993","ND","WV",136,1.36,"136 days shared in 2020"
"994","ND","WY",218,2.18,"218 days shared in 2020"
"995","NE","NH",224,2.24,"224 days shared in 2020"
"996","NE","NJ",0,0,"0 days shared in 2020"
"997","NE","NM",35,0.35,"35 days shared in 2020"
"998","NE","NV",75,0.75,"75 days shared in 2020"
"999","NE","NY",7,0.07,"7 days shared in 2020"
"1000","NE","OH",104,1.04,"104 days shared in 2020"
"1001","NE","OK",266,2.66,"266 days shared in 2020"
"1002","NE","OR",82,0.82,"82 days shared in 2020"
"1003","NE","PA",9,0.09,"9 days shared in 2020"
"1004","NE","RI",28,0.28,"28 days shared in 2020"
"1005","NE","SC",266,2.66,"266 days shared in 2020"
"1006","NE","SD",266,2.66,"266 days shared in 2020"
"1007","NE","TN",266,2.66,"266 days shared in 2020"
"1008","NE","TX",84,0.84,"84 days shared in 2020"
"1009","NE","UT",187,1.87,"187 days shared in 2020"
"1010","NE","VA",49,0.49,"49 days shared in 2020"
"1011","NE","VT",113,1.13,"113 days shared in 2020"
"1012","NE","WA",77,0.77,"77 days shared in 2020"
"1013","NE","WI",113,1.13,"113 days shared in 2020"
"1014","NE","WV",88,0.88,"88 days shared in 2020"
"1015","NE","WY",266,2.66,"266 days shared in 2020"
"1016","NH","NJ",42,0.42,"42 days shared in 2020"
"1017","NH","NM",77,0.77,"77 days shared in 2020"
"1018","NH","NV",117,1.17,"117 days shared in 2020"
"1019","NH","NY",49,0.49,"49 days shared in 2020"
"1020","NH","OH",146,1.46,"146 days shared in 2020"
"1021","NH","OK",224,2.24,"224 days shared in 2020"
"1022","NH","OR",124,1.24,"124 days shared in 2020"
"1023","NH","PA",51,0.51,"51 days shared in 2020"
"1024","NH","RI",70,0.7,"70 days shared in 2020"
"1025","NH","SC",224,2.24,"224 days shared in 2020"
"1026","NH","SD",224,2.24,"224 days shared in 2020"
"1027","NH","TN",224,2.24,"224 days shared in 2020"
"1028","NH","TX",126,1.26,"126 days shared in 2020"
"1029","NH","UT",229,2.29,"229 days shared in 2020"
"1030","NH","VA",91,0.91,"91 days shared in 2020"
"1031","NH","VT",155,1.55,"155 days shared in 2020"
"1032","NH","WA",119,1.19,"119 days shared in 2020"
"1033","NH","WI",155,1.55,"155 days shared in 2020"
"1034","NH","WV",130,1.3,"130 days shared in 2020"
"1035","NH","WY",224,2.24,"224 days shared in 2020"
"1036","NJ","NM",231,2.31,"231 days shared in 2020"
"1037","NJ","NV",191,1.91,"191 days shared in 2020"
"1038","NJ","NY",259,2.59,"259 days shared in 2020"
"1039","NJ","OH",162,1.62,"162 days shared in 2020"
"1040","NJ","OK",0,0,"0 days shared in 2020"
"1041","NJ","OR",184,1.84,"184 days shared in 2020"
"1042","NJ","PA",257,2.57,"257 days shared in 2020"
"1043","NJ","RI",238,2.38,"238 days shared in 2020"
"1044","NJ","SC",0,0,"0 days shared in 2020"
"1045","NJ","SD",0,0,"0 days shared in 2020"
"1046","NJ","TN",0,0,"0 days shared in 2020"
"1047","NJ","TX",182,1.82,"182 days shared in 2020"
"1048","NJ","UT",79,0.79,"79 days shared in 2020"
"1049","NJ","VA",217,2.17,"217 days shared in 2020"
"1050","NJ","VT",153,1.53,"153 days shared in 2020"
"1051","NJ","WA",189,1.89,"189 days shared in 2020"
"1052","NJ","WI",153,1.53,"153 days shared in 2020"
"1053","NJ","WV",178,1.78,"178 days shared in 2020"
"1054","NJ","WY",0,0,"0 days shared in 2020"
"1055","NM","NV",226,2.26,"226 days shared in 2020"
"1056","NM","NY",238,2.38,"238 days shared in 2020"
"1057","NM","OH",197,1.97,"197 days shared in 2020"
"1058","NM","OK",35,0.35,"35 days shared in 2020"
"1059","NM","OR",219,2.19,"219 days shared in 2020"
"1060","NM","PA",240,2.4,"240 days shared in 2020"
"1061","NM","RI",259,2.59,"259 days shared in 2020"
"1062","NM","SC",35,0.35,"35 days shared in 2020"
"1063","NM","SD",35,0.35,"35 days shared in 2020"
"1064","NM","TN",35,0.35,"35 days shared in 2020"
"1065","NM","TX",217,2.17,"217 days shared in 2020"
"1066","NM","UT",114,1.14,"114 days shared in 2020"
"1067","NM","VA",252,2.52,"252 days shared in 2020"
"1068","NM","VT",188,1.88,"188 days shared in 2020"
"1069","NM","WA",224,2.24,"224 days shared in 2020"
"1070","NM","WI",188,1.88,"188 days shared in 2020"
"1071","NM","WV",213,2.13,"213 days shared in 2020"
"1072","NM","WY",35,0.35,"35 days shared in 2020"
"1073","NV","NY",198,1.98,"198 days shared in 2020"
"1074","NV","OH",237,2.37,"237 days shared in 2020"
"1075","NV","OK",75,0.75,"75 days shared in 2020"
"1076","NV","OR",259,2.59,"259 days shared in 2020"
"1077","NV","PA",200,2,"200 days shared in 2020"
"1078","NV","RI",219,2.19,"219 days shared in 2020"
"1079","NV","SC",75,0.75,"75 days shared in 2020"
"1080","NV","SD",75,0.75,"75 days shared in 2020"
"1081","NV","TN",75,0.75,"75 days shared in 2020"
"1082","NV","TX",257,2.57,"257 days shared in 2020"
"1083","NV","UT",154,1.54,"154 days shared in 2020"
"1084","NV","VA",240,2.4,"240 days shared in 2020"
"1085","NV","VT",228,2.28,"228 days shared in 2020"
"1086","NV","WA",264,2.64,"264 days shared in 2020"
"1087","NV","WI",228,2.28,"228 days shared in 2020"
"1088","NV","WV",253,2.53,"253 days shared in 2020"
"1089","NV","WY",75,0.75,"75 days shared in 2020"
"1090","NY","OH",169,1.69,"169 days shared in 2020"
"1091","NY","OK",7,0.07,"7 days shared in 2020"
"1092","NY","OR",191,1.91,"191 days shared in 2020"
"1093","NY","PA",264,2.64,"264 days shared in 2020"
"1094","NY","RI",245,2.45,"245 days shared in 2020"
"1095","NY","SC",7,0.07,"7 days shared in 2020"
"1096","NY","SD",7,0.07,"7 days shared in 2020"
"1097","NY","TN",7,0.07,"7 days shared in 2020"
"1098","NY","TX",189,1.89,"189 days shared in 2020"
"1099","NY","UT",86,0.86,"86 days shared in 2020"
"1100","NY","VA",224,2.24,"224 days shared in 2020"
"1101","NY","VT",160,1.6,"160 days shared in 2020"
"1102","NY","WA",196,1.96,"196 days shared in 2020"
"1103","NY","WI",160,1.6,"160 days shared in 2020"
"1104","NY","WV",185,1.85,"185 days shared in 2020"
"1105","NY","WY",7,0.07,"7 days shared in 2020"
"1106","OH","OK",104,1.04,"104 days shared in 2020"
"1107","OH","OR",244,2.44,"244 days shared in 2020"
"1108","OH","PA",171,1.71,"171 days shared in 2020"
"1109","OH","RI",190,1.9,"190 days shared in 2020"
"1110","OH","SC",104,1.04,"104 days shared in 2020"
"1111","OH","SD",104,1.04,"104 days shared in 2020"
"1112","OH","TN",104,1.04,"104 days shared in 2020"
"1113","OH","TX",246,2.46,"246 days shared in 2020"
"1114","OH","UT",183,1.83,"183 days shared in 2020"
"1115","OH","VA",211,2.11,"211 days shared in 2020"
"1116","OH","VT",257,2.57,"257 days shared in 2020"
"1117","OH","WA",239,2.39,"239 days shared in 2020"
"1118","OH","WI",257,2.57,"257 days shared in 2020"
"1119","OH","WV",250,2.5,"250 days shared in 2020"
"1120","OH","WY",104,1.04,"104 days shared in 2020"
"1121","OK","OR",82,0.82,"82 days shared in 2020"
"1122","OK","PA",9,0.09,"9 days shared in 2020"
"1123","OK","RI",28,0.28,"28 days shared in 2020"
"1124","OK","SC",266,2.66,"266 days shared in 2020"
"1125","OK","SD",266,2.66,"266 days shared in 2020"
"1126","OK","TN",266,2.66,"266 days shared in 2020"
"1127","OK","TX",84,0.84,"84 days shared in 2020"
"1128","OK","UT",187,1.87,"187 days shared in 2020"
"1129","OK","VA",49,0.49,"49 days shared in 2020"
"1130","OK","VT",113,1.13,"113 days shared in 2020"
"1131","OK","WA",77,0.77,"77 days shared in 2020"
"1132","OK","WI",113,1.13,"113 days shared in 2020"
"1133","OK","WV",88,0.88,"88 days shared in 2020"
"1134","OK","WY",266,2.66,"266 days shared in 2020"
"1135","OR","PA",193,1.93,"193 days shared in 2020"
"1136","OR","RI",212,2.12,"212 days shared in 2020"
"1137","OR","SC",82,0.82,"82 days shared in 2020"
"1138","OR","SD",82,0.82,"82 days shared in 2020"
"1139","OR","TN",82,0.82,"82 days shared in 2020"
"1140","OR","TX",264,2.64,"264 days shared in 2020"
"1141","OR","UT",161,1.61,"161 days shared in 2020"
"1142","OR","VA",233,2.33,"233 days shared in 2020"
"1143","OR","VT",235,2.35,"235 days shared in 2020"
"1144","OR","WA",261,2.61,"261 days shared in 2020"
"1145","OR","WI",235,2.35,"235 days shared in 2020"
"1146","OR","WV",260,2.6,"260 days shared in 2020"
"1147","OR","WY",82,0.82,"82 days shared in 2020"
"1148","PA","RI",247,2.47,"247 days shared in 2020"
"1149","PA","SC",9,0.09,"9 days shared in 2020"
"1150","PA","SD",9,0.09,"9 days shared in 2020"
"1151","PA","TN",9,0.09,"9 days shared in 2020"
"1152","PA","TX",191,1.91,"191 days shared in 2020"
"1153","PA","UT",88,0.88,"88 days shared in 2020"
"1154","PA","VA",226,2.26,"226 days shared in 2020"
"1155","PA","VT",162,1.62,"162 days shared in 2020"
"1156","PA","WA",198,1.98,"198 days shared in 2020"
"1157","PA","WI",162,1.62,"162 days shared in 2020"
"1158","PA","WV",187,1.87,"187 days shared in 2020"
"1159","PA","WY",9,0.09,"9 days shared in 2020"
"1160","RI","SC",28,0.28,"28 days shared in 2020"
"1161","RI","SD",28,0.28,"28 days shared in 2020"
"1162","RI","TN",28,0.28,"28 days shared in 2020"
"1163","RI","TX",210,2.1,"210 days shared in 2020"
"1164","RI","UT",107,1.07,"107 days shared in 2020"
"1165","RI","VA",245,2.45,"245 days shared in 2020"
"1166","RI","VT",181,1.81,"181 days shared in 2020"
"1167","RI","WA",217,2.17,"217 days shared in 2020"
"1168","RI","WI",181,1.81,"181 days shared in 2020"
"1169","RI","WV",206,2.06,"206 days shared in 2020"
"1170","RI","WY",28,0.28,"28 days shared in 2020"
"1171","SC","SD",266,2.66,"266 days shared in 2020"
"1172","SC","TN",266,2.66,"266 days shared in 2020"
"1173","SC","TX",84,0.84,"84 days shared in 2020"
"1174","SC","UT",187,1.87,"187 days shared in 2020"
"1175","SC","VA",49,0.49,"49 days shared in 2020"
"1176","SC","VT",113,1.13,"113 days shared in 2020"
"1177","SC","WA",77,0.77,"77 days shared in 2020"
"1178","SC","WI",113,1.13,"113 days shared in 2020"
"1179","SC","WV",88,0.88,"88 days shared in 2020"
"1180","SC","WY",266,2.66,"266 days shared in 2020"
"1181","SD","TN",266,2.66,"266 days shared in 2020"
"1182","SD","TX",84,0.84,"84 days shared in 2020"
"1183","SD","UT",187,1.87,"187 days shared in 2020"
"1184","SD","VA",49,0.49,"49 days shared in 2020"
"1185","SD","VT",113,1.13,"113 days shared in 2020"
"1186","SD","WA",77,0.77,"77 days shared in 2020"
"1187","SD","WI",113,1.13,"113 days shared in 2020"
"1188","SD","WV",88,0.88,"88 days shared in 2020"
"1189","SD","WY",266,2.66,"266 days shared in 2020"
"1190","TN","TX",84,0.84,"84 days shared in 2020"
"1191","TN","UT",187,1.87,"187 days shared in 2020"
"1192","TN","VA",49,0.49,"49 days shared in 2020"
"1193","TN","VT",113,1.13,"113 days shared in 2020"
"1194","TN","WA",77,0.77,"77 days shared in 2020"
"1195","TN","WI",113,1.13,"113 days shared in 2020"
"1196","TN","WV",88,0.88,"88 days shared in 2020"
"1197","TN","WY",266,2.66,"266 days shared in 2020"
"1198","TX","UT",163,1.63,"163 days shared in 2020"
"1199","TX","VA",231,2.31,"231 days shared in 2020"
"1200","TX","VT",237,2.37,"237 days shared in 2020"
"1201","TX","WA",259,2.59,"259 days shared in 2020"
"1202","TX","WI",237,2.37,"237 days shared in 2020"
"1203","TX","WV",262,2.62,"262 days shared in 2020"
"1204","TX","WY",84,0.84,"84 days shared in 2020"
"1205","UT","VA",128,1.28,"128 days shared in 2020"
"1206","UT","VT",192,1.92,"192 days shared in 2020"
"1207","UT","WA",156,1.56,"156 days shared in 2020"
"1208","UT","WI",192,1.92,"192 days shared in 2020"
"1209","UT","WV",167,1.67,"167 days shared in 2020"
"1210","UT","WY",187,1.87,"187 days shared in 2020"
"1211","VA","VT",202,2.02,"202 days shared in 2020"
"1212","VA","WA",238,2.38,"238 days shared in 2020"
"1213","VA","WI",202,2.02,"202 days shared in 2020"
"1214","VA","WV",227,2.27,"227 days shared in 2020"
"1215","VA","WY",49,0.49,"49 days shared in 2020"
"1216","VT","WA",230,2.3,"230 days shared in 2020"
"1217","VT","WI",266,2.66,"266 days shared in 2020"
"1218","VT","WV",241,2.41,"241 days shared in 2020"
"1219","VT","WY",113,1.13,"113 days shared in 2020"
"1220","WA","WI",230,2.3,"230 days shared in 2020"
"1221","WA","WV",255,2.55,"255 days shared in 2020"
"1222","WA","WY",77,0.77,"77 days shared in 2020"
"1223","WI","WV",241,2.41,"241 days shared in 2020"
"1224","WI","WY",113,1.13,"113 days shared in 2020"
"1225","WV","WY",88,0.88,"88 days shared in 2020"
