"","from","to","restaurants_overLap","width","title"
"1","AK","AL",50,0.5,"50 days shared in 2020"
"2","AK","AR",49,0.49,"49 days shared in 2020"
"3","AK","AZ",49,0.49,"49 days shared in 2020"
"4","AK","CA",41,0.41,"41 days shared in 2020"
"5","AK","CO",39,0.39,"39 days shared in 2020"
"6","AK","CT",40,0.4,"40 days shared in 2020"
"7","AK","DE",38,0.38,"38 days shared in 2020"
"8","AK","FL",153,1.53,"153 days shared in 2020"
"9","AK","GA",49,0.49,"49 days shared in 2020"
"10","AK","HI",39,0.39,"39 days shared in 2020"
"11","AK","IA",60,0.6,"60 days shared in 2020"
"12","AK","ID",39,0.39,"39 days shared in 2020"
"13","AK","IL",38,0.38,"38 days shared in 2020"
"14","AK","IN",49,0.49,"49 days shared in 2020"
"15","AK","KS",265,2.65,"265 days shared in 2020"
"16","AK","KY",38,0.38,"38 days shared in 2020"
"17","AK","LA",46,0.46,"46 days shared in 2020"
"18","AK","MA",34,0.34,"34 days shared in 2020"
"19","AK","MD",38,0.38,"38 days shared in 2020"
"20","AK","ME",44,0.44,"44 days shared in 2020"
"21","AK","MI",41,0.41,"41 days shared in 2020"
"22","AK","MN",39,0.39,"39 days shared in 2020"
"23","AK","MO",252,2.52,"252 days shared in 2020"
"24","AK","MS",42,0.42,"42 days shared in 2020"
"25","AK","MT",56,0.56,"56 days shared in 2020"
"26","AK","NC",39,0.39,"39 days shared in 2020"
"27","AK","ND",237,2.37,"237 days shared in 2020"
"28","AK","NE",89,0.89,"89 days shared in 2020"
"29","AK","NH",42,0.42,"42 days shared in 2020"
"30","AK","NJ",37,0.37,"37 days shared in 2020"
"31","AK","NM",37,0.37,"37 days shared in 2020"
"32","AK","NV",51,0.51,"51 days shared in 2020"
"33","AK","NY",38,0.38,"38 days shared in 2020"
"34","AK","OH",44,0.44,"44 days shared in 2020"
"35","AK","OK",54,0.54,"54 days shared in 2020"
"36","AK","OR",46,0.46,"46 days shared in 2020"
"37","AK","PA",39,0.39,"39 days shared in 2020"
"38","AK","RI",52,0.52,"52 days shared in 2020"
"39","AK","SC",58,0.58,"58 days shared in 2020"
"40","AK","SD",231,2.31,"231 days shared in 2020"
"41","AK","TN",259,2.59,"259 days shared in 2020"
"42","AK","TX",59,0.59,"59 days shared in 2020"
"43","AK","UT",61,0.61,"61 days shared in 2020"
"44","AK","VA",39,0.39,"39 days shared in 2020"
"45","AK","VT",38,0.38,"38 days shared in 2020"
"46","AK","WA",38,0.38,"38 days shared in 2020"
"47","AK","WI",262,2.62,"262 days shared in 2020"
"48","AK","WV",58,0.58,"58 days shared in 2020"
"49","AK","WY",46,0.46,"46 days shared in 2020"
"50","AL","AR",291,2.91,"291 days shared in 2020"
"51","AL","AZ",291,2.91,"291 days shared in 2020"
"52","AL","CA",261,2.61,"261 days shared in 2020"
"53","AL","CO",274,2.74,"274 days shared in 2020"
"54","AL","CT",280,2.8,"280 days shared in 2020"
"55","AL","DE",278,2.78,"278 days shared in 2020"
"56","AL","FL",184,1.84,"184 days shared in 2020"
"57","AL","GA",263,2.63,"263 days shared in 2020"
"58","AL","HI",269,2.69,"269 days shared in 2020"
"59","AL","IA",280,2.8,"280 days shared in 2020"
"60","AL","ID",281,2.81,"281 days shared in 2020"
"61","AL","IL",271,2.71,"271 days shared in 2020"
"62","AL","IN",289,2.89,"289 days shared in 2020"
"63","AL","KS",52,0.52,"52 days shared in 2020"
"64","AL","KY",278,2.78,"278 days shared in 2020"
"65","AL","LA",286,2.86,"286 days shared in 2020"
"66","AL","MA",259,2.59,"259 days shared in 2020"
"67","AL","MD",266,2.66,"266 days shared in 2020"
"68","AL","ME",284,2.84,"284 days shared in 2020"
"69","AL","MI",258,2.58,"258 days shared in 2020"
"70","AL","MN",233,2.33,"233 days shared in 2020"
"71","AL","MO",82,0.82,"82 days shared in 2020"
"72","AL","MS",276,2.76,"276 days shared in 2020"
"73","AL","MT",284,2.84,"284 days shared in 2020"
"74","AL","NC",279,2.79,"279 days shared in 2020"
"75","AL","ND",103,1.03,"103 days shared in 2020"
"76","AL","NE",227,2.27,"227 days shared in 2020"
"77","AL","NH",282,2.82,"282 days shared in 2020"
"78","AL","NJ",255,2.55,"255 days shared in 2020"
"79","AL","NM",257,2.57,"257 days shared in 2020"
"80","AL","NV",289,2.89,"289 days shared in 2020"
"81","AL","NY",263,2.63,"263 days shared in 2020"
"82","AL","OH",284,2.84,"284 days shared in 2020"
"83","AL","OK",276,2.76,"276 days shared in 2020"
"84","AL","OR",271,2.71,"271 days shared in 2020"
"85","AL","PA",267,2.67,"267 days shared in 2020"
"86","AL","RI",288,2.88,"288 days shared in 2020"
"87","AL","SC",284,2.84,"284 days shared in 2020"
"88","AL","SD",4,0.04,"4 days shared in 2020"
"89","AL","TN",39,0.39,"39 days shared in 2020"
"90","AL","TX",281,2.81,"281 days shared in 2020"
"91","AL","UT",281,2.81,"281 days shared in 2020"
"92","AL","VA",280,2.8,"280 days shared in 2020"
"93","AL","VT",278,2.78,"278 days shared in 2020"
"94","AL","WA",277,2.77,"277 days shared in 2020"
"95","AL","WI",54,0.54,"54 days shared in 2020"
"96","AL","WV",284,2.84,"284 days shared in 2020"
"97","AL","WY",288,2.88,"288 days shared in 2020"
"98","AR","AZ",292,2.92,"292 days shared in 2020"
"99","AR","CA",260,2.6,"260 days shared in 2020"
"100","AR","CO",273,2.73,"273 days shared in 2020"
"101","AR","CT",279,2.79,"279 days shared in 2020"
"102","AR","DE",277,2.77,"277 days shared in 2020"
"103","AR","FL",184,1.84,"184 days shared in 2020"
"104","AR","GA",264,2.64,"264 days shared in 2020"
"105","AR","HI",268,2.68,"268 days shared in 2020"
"106","AR","IA",279,2.79,"279 days shared in 2020"
"107","AR","ID",282,2.82,"282 days shared in 2020"
"108","AR","IL",270,2.7,"270 days shared in 2020"
"109","AR","IN",288,2.88,"288 days shared in 2020"
"110","AR","KS",52,0.52,"52 days shared in 2020"
"111","AR","KY",277,2.77,"277 days shared in 2020"
"112","AR","LA",285,2.85,"285 days shared in 2020"
"113","AR","MA",260,2.6,"260 days shared in 2020"
"114","AR","MD",265,2.65,"265 days shared in 2020"
"115","AR","ME",283,2.83,"283 days shared in 2020"
"116","AR","MI",257,2.57,"257 days shared in 2020"
"117","AR","MN",232,2.32,"232 days shared in 2020"
"118","AR","MO",83,0.83,"83 days shared in 2020"
"119","AR","MS",277,2.77,"277 days shared in 2020"
"120","AR","MT",285,2.85,"285 days shared in 2020"
"121","AR","NC",278,2.78,"278 days shared in 2020"
"122","AR","ND",104,1.04,"104 days shared in 2020"
"123","AR","NE",228,2.28,"228 days shared in 2020"
"124","AR","NH",281,2.81,"281 days shared in 2020"
"125","AR","NJ",256,2.56,"256 days shared in 2020"
"126","AR","NM",256,2.56,"256 days shared in 2020"
"127","AR","NV",290,2.9,"290 days shared in 2020"
"128","AR","NY",262,2.62,"262 days shared in 2020"
"129","AR","OH",283,2.83,"283 days shared in 2020"
"130","AR","OK",277,2.77,"277 days shared in 2020"
"131","AR","OR",270,2.7,"270 days shared in 2020"
"132","AR","PA",266,2.66,"266 days shared in 2020"
"133","AR","RI",287,2.87,"287 days shared in 2020"
"134","AR","SC",283,2.83,"283 days shared in 2020"
"135","AR","SD",5,0.05,"5 days shared in 2020"
"136","AR","TN",40,0.4,"40 days shared in 2020"
"137","AR","TX",282,2.82,"282 days shared in 2020"
"138","AR","UT",280,2.8,"280 days shared in 2020"
"139","AR","VA",280,2.8,"280 days shared in 2020"
"140","AR","VT",277,2.77,"277 days shared in 2020"
"141","AR","WA",276,2.76,"276 days shared in 2020"
"142","AR","WI",53,0.53,"53 days shared in 2020"
"143","AR","WV",283,2.83,"283 days shared in 2020"
"144","AR","WY",287,2.87,"287 days shared in 2020"
"145","AZ","CA",260,2.6,"260 days shared in 2020"
"146","AZ","CO",273,2.73,"273 days shared in 2020"
"147","AZ","CT",279,2.79,"279 days shared in 2020"
"148","AZ","DE",277,2.77,"277 days shared in 2020"
"149","AZ","FL",184,1.84,"184 days shared in 2020"
"150","AZ","GA",264,2.64,"264 days shared in 2020"
"151","AZ","HI",268,2.68,"268 days shared in 2020"
"152","AZ","IA",279,2.79,"279 days shared in 2020"
"153","AZ","ID",282,2.82,"282 days shared in 2020"
"154","AZ","IL",270,2.7,"270 days shared in 2020"
"155","AZ","IN",288,2.88,"288 days shared in 2020"
"156","AZ","KS",52,0.52,"52 days shared in 2020"
"157","AZ","KY",277,2.77,"277 days shared in 2020"
"158","AZ","LA",285,2.85,"285 days shared in 2020"
"159","AZ","MA",260,2.6,"260 days shared in 2020"
"160","AZ","MD",265,2.65,"265 days shared in 2020"
"161","AZ","ME",283,2.83,"283 days shared in 2020"
"162","AZ","MI",257,2.57,"257 days shared in 2020"
"163","AZ","MN",232,2.32,"232 days shared in 2020"
"164","AZ","MO",83,0.83,"83 days shared in 2020"
"165","AZ","MS",277,2.77,"277 days shared in 2020"
"166","AZ","MT",285,2.85,"285 days shared in 2020"
"167","AZ","NC",278,2.78,"278 days shared in 2020"
"168","AZ","ND",104,1.04,"104 days shared in 2020"
"169","AZ","NE",228,2.28,"228 days shared in 2020"
"170","AZ","NH",281,2.81,"281 days shared in 2020"
"171","AZ","NJ",256,2.56,"256 days shared in 2020"
"172","AZ","NM",256,2.56,"256 days shared in 2020"
"173","AZ","NV",290,2.9,"290 days shared in 2020"
"174","AZ","NY",262,2.62,"262 days shared in 2020"
"175","AZ","OH",283,2.83,"283 days shared in 2020"
"176","AZ","OK",277,2.77,"277 days shared in 2020"
"177","AZ","OR",270,2.7,"270 days shared in 2020"
"178","AZ","PA",266,2.66,"266 days shared in 2020"
"179","AZ","RI",287,2.87,"287 days shared in 2020"
"180","AZ","SC",283,2.83,"283 days shared in 2020"
"181","AZ","SD",5,0.05,"5 days shared in 2020"
"182","AZ","TN",40,0.4,"40 days shared in 2020"
"183","AZ","TX",282,2.82,"282 days shared in 2020"
"184","AZ","UT",280,2.8,"280 days shared in 2020"
"185","AZ","VA",280,2.8,"280 days shared in 2020"
"186","AZ","VT",277,2.77,"277 days shared in 2020"
"187","AZ","WA",276,2.76,"276 days shared in 2020"
"188","AZ","WI",53,0.53,"53 days shared in 2020"
"189","AZ","WV",283,2.83,"283 days shared in 2020"
"190","AZ","WY",287,2.87,"287 days shared in 2020"
"191","CA","CO",261,2.61,"261 days shared in 2020"
"192","CA","CT",267,2.67,"267 days shared in 2020"
"193","CA","DE",265,2.65,"265 days shared in 2020"
"194","CA","FL",175,1.75,"175 days shared in 2020"
"195","CA","GA",232,2.32,"232 days shared in 2020"
"196","CA","HI",256,2.56,"256 days shared in 2020"
"197","CA","IA",249,2.49,"249 days shared in 2020"
"198","CA","ID",260,2.6,"260 days shared in 2020"
"199","CA","IL",258,2.58,"258 days shared in 2020"
"200","CA","IN",258,2.58,"258 days shared in 2020"
"201","CA","KS",43,0.43,"43 days shared in 2020"
"202","CA","KY",265,2.65,"265 days shared in 2020"
"203","CA","LA",263,2.63,"263 days shared in 2020"
"204","CA","MA",246,2.46,"246 days shared in 2020"
"205","CA","MD",253,2.53,"253 days shared in 2020"
"206","CA","ME",267,2.67,"267 days shared in 2020"
"207","CA","MI",245,2.45,"245 days shared in 2020"
"208","CA","MN",236,2.36,"236 days shared in 2020"
"209","CA","MO",73,0.73,"73 days shared in 2020"
"210","CA","MS",245,2.45,"245 days shared in 2020"
"211","CA","MT",253,2.53,"253 days shared in 2020"
"212","CA","NC",266,2.66,"266 days shared in 2020"
"213","CA","ND",72,0.72,"72 days shared in 2020"
"214","CA","NE",204,2.04,"204 days shared in 2020"
"215","CA","NH",265,2.65,"265 days shared in 2020"
"216","CA","NJ",242,2.42,"242 days shared in 2020"
"217","CA","NM",244,2.44,"244 days shared in 2020"
"218","CA","NV",258,2.58,"258 days shared in 2020"
"219","CA","NY",250,2.5,"250 days shared in 2020"
"220","CA","OH",261,2.61,"261 days shared in 2020"
"221","CA","OK",245,2.45,"245 days shared in 2020"
"222","CA","OR",248,2.48,"248 days shared in 2020"
"223","CA","PA",254,2.54,"254 days shared in 2020"
"224","CA","RI",257,2.57,"257 days shared in 2020"
"225","CA","SC",253,2.53,"253 days shared in 2020"
"226","CA","SD",4,0.04,"4 days shared in 2020"
"227","CA","TN",39,0.39,"39 days shared in 2020"
"228","CA","TX",250,2.5,"250 days shared in 2020"
"229","CA","UT",250,2.5,"250 days shared in 2020"
"230","CA","VA",257,2.57,"257 days shared in 2020"
"231","CA","VT",265,2.65,"265 days shared in 2020"
"232","CA","WA",264,2.64,"264 days shared in 2020"
"233","CA","WI",56,0.56,"56 days shared in 2020"
"234","CA","WV",253,2.53,"253 days shared in 2020"
"235","CA","WY",265,2.65,"265 days shared in 2020"
"236","CO","CT",284,2.84,"284 days shared in 2020"
"237","CO","DE",286,2.86,"286 days shared in 2020"
"238","CO","FL",168,1.68,"168 days shared in 2020"
"239","CO","GA",245,2.45,"245 days shared in 2020"
"240","CO","HI",287,2.87,"287 days shared in 2020"
"241","CO","IA",266,2.66,"266 days shared in 2020"
"242","CO","ID",273,2.73,"273 days shared in 2020"
"243","CO","IL",289,2.89,"289 days shared in 2020"
"244","CO","IN",275,2.75,"275 days shared in 2020"
"245","CO","KS",37,0.37,"37 days shared in 2020"
"246","CO","KY",286,2.86,"286 days shared in 2020"
"247","CO","LA",280,2.8,"280 days shared in 2020"
"248","CO","MA",273,2.73,"273 days shared in 2020"
"249","CO","MD",284,2.84,"284 days shared in 2020"
"250","CO","ME",282,2.82,"282 days shared in 2020"
"251","CO","MI",276,2.76,"276 days shared in 2020"
"252","CO","MN",251,2.51,"251 days shared in 2020"
"253","CO","MO",64,0.64,"64 days shared in 2020"
"254","CO","MS",258,2.58,"258 days shared in 2020"
"255","CO","MT",266,2.66,"266 days shared in 2020"
"256","CO","NC",287,2.87,"287 days shared in 2020"
"257","CO","ND",90,0.9,"90 days shared in 2020"
"258","CO","NE",209,2.09,"209 days shared in 2020"
"259","CO","NH",282,2.82,"282 days shared in 2020"
"260","CO","NJ",269,2.69,"269 days shared in 2020"
"261","CO","NM",273,2.73,"273 days shared in 2020"
"262","CO","NV",271,2.71,"271 days shared in 2020"
"263","CO","NY",281,2.81,"281 days shared in 2020"
"264","CO","OH",278,2.78,"278 days shared in 2020"
"265","CO","OK",258,2.58,"258 days shared in 2020"
"266","CO","OR",265,2.65,"265 days shared in 2020"
"267","CO","PA",281,2.81,"281 days shared in 2020"
"268","CO","RI",274,2.74,"274 days shared in 2020"
"269","CO","SC",268,2.68,"268 days shared in 2020"
"270","CO","SD",2,0.02,"2 days shared in 2020"
"271","CO","TN",37,0.37,"37 days shared in 2020"
"272","CO","TX",263,2.63,"263 days shared in 2020"
"273","CO","UT",265,2.65,"265 days shared in 2020"
"274","CO","VA",272,2.72,"272 days shared in 2020"
"275","CO","VT",286,2.86,"286 days shared in 2020"
"276","CO","WA",287,2.87,"287 days shared in 2020"
"277","CO","WI",58,0.58,"58 days shared in 2020"
"278","CO","WV",268,2.68,"268 days shared in 2020"
"279","CO","WY",278,2.78,"278 days shared in 2020"
"280","CT","DE",290,2.9,"290 days shared in 2020"
"281","CT","FL",174,1.74,"174 days shared in 2020"
"282","CT","GA",251,2.51,"251 days shared in 2020"
"283","CT","HI",279,2.79,"279 days shared in 2020"
"284","CT","IA",272,2.72,"272 days shared in 2020"
"285","CT","ID",279,2.79,"279 days shared in 2020"
"286","CT","IL",283,2.83,"283 days shared in 2020"
"287","CT","IN",283,2.83,"283 days shared in 2020"
"288","CT","KS",42,0.42,"42 days shared in 2020"
"289","CT","KY",290,2.9,"290 days shared in 2020"
"290","CT","LA",286,2.86,"286 days shared in 2020"
"291","CT","MA",265,2.65,"265 days shared in 2020"
"292","CT","MD",278,2.78,"278 days shared in 2020"
"293","CT","ME",288,2.88,"288 days shared in 2020"
"294","CT","MI",270,2.7,"270 days shared in 2020"
"295","CT","MN",243,2.43,"243 days shared in 2020"
"296","CT","MO",70,0.7,"70 days shared in 2020"
"297","CT","MS",264,2.64,"264 days shared in 2020"
"298","CT","MT",272,2.72,"272 days shared in 2020"
"299","CT","NC",289,2.89,"289 days shared in 2020"
"300","CT","ND",91,0.91,"91 days shared in 2020"
"301","CT","NE",215,2.15,"215 days shared in 2020"
"302","CT","NH",290,2.9,"290 days shared in 2020"
"303","CT","NJ",261,2.61,"261 days shared in 2020"
"304","CT","NM",266,2.66,"266 days shared in 2020"
"305","CT","NV",277,2.77,"277 days shared in 2020"
"306","CT","NY",275,2.75,"275 days shared in 2020"
"307","CT","OH",286,2.86,"286 days shared in 2020"
"308","CT","OK",264,2.64,"264 days shared in 2020"
"309","CT","OR",271,2.71,"271 days shared in 2020"
"310","CT","PA",273,2.73,"273 days shared in 2020"
"311","CT","RI",280,2.8,"280 days shared in 2020"
"312","CT","SC",274,2.74,"274 days shared in 2020"
"313","CT","SD",1,0.01,"1 days shared in 2020"
"314","CT","TN",36,0.36,"36 days shared in 2020"
"315","CT","TX",269,2.69,"269 days shared in 2020"
"316","CT","UT",271,2.71,"271 days shared in 2020"
"317","CT","VA",279,2.79,"279 days shared in 2020"
"318","CT","VT",289,2.89,"289 days shared in 2020"
"319","CT","WA",289,2.89,"289 days shared in 2020"
"320","CT","WI",58,0.58,"58 days shared in 2020"
"321","CT","WV",274,2.74,"274 days shared in 2020"
"322","CT","WY",284,2.84,"284 days shared in 2020"
"323","DE","FL",172,1.72,"172 days shared in 2020"
"324","DE","GA",249,2.49,"249 days shared in 2020"
"325","DE","HI",281,2.81,"281 days shared in 2020"
"326","DE","IA",270,2.7,"270 days shared in 2020"
"327","DE","ID",277,2.77,"277 days shared in 2020"
"328","DE","IL",285,2.85,"285 days shared in 2020"
"329","DE","IN",281,2.81,"281 days shared in 2020"
"330","DE","KS",40,0.4,"40 days shared in 2020"
"331","DE","KY",292,2.92,"292 days shared in 2020"
"332","DE","LA",284,2.84,"284 days shared in 2020"
"333","DE","MA",267,2.67,"267 days shared in 2020"
"334","DE","MD",280,2.8,"280 days shared in 2020"
"335","DE","ME",286,2.86,"286 days shared in 2020"
"336","DE","MI",272,2.72,"272 days shared in 2020"
"337","DE","MN",245,2.45,"245 days shared in 2020"
"338","DE","MO",68,0.68,"68 days shared in 2020"
"339","DE","MS",262,2.62,"262 days shared in 2020"
"340","DE","MT",270,2.7,"270 days shared in 2020"
"341","DE","NC",291,2.91,"291 days shared in 2020"
"342","DE","ND",89,0.89,"89 days shared in 2020"
"343","DE","NE",213,2.13,"213 days shared in 2020"
"344","DE","NH",288,2.88,"288 days shared in 2020"
"345","DE","NJ",263,2.63,"263 days shared in 2020"
"346","DE","NM",268,2.68,"268 days shared in 2020"
"347","DE","NV",275,2.75,"275 days shared in 2020"
"348","DE","NY",277,2.77,"277 days shared in 2020"
"349","DE","OH",284,2.84,"284 days shared in 2020"
"350","DE","OK",262,2.62,"262 days shared in 2020"
"351","DE","OR",269,2.69,"269 days shared in 2020"
"352","DE","PA",275,2.75,"275 days shared in 2020"
"353","DE","RI",278,2.78,"278 days shared in 2020"
"354","DE","SC",272,2.72,"272 days shared in 2020"
"355","DE","SD",1,0.01,"1 days shared in 2020"
"356","DE","TN",36,0.36,"36 days shared in 2020"
"357","DE","TX",267,2.67,"267 days shared in 2020"
"358","DE","UT",269,2.69,"269 days shared in 2020"
"359","DE","VA",277,2.77,"277 days shared in 2020"
"360","DE","VT",291,2.91,"291 days shared in 2020"
"361","DE","WA",291,2.91,"291 days shared in 2020"
"362","DE","WI",58,0.58,"58 days shared in 2020"
"363","DE","WV",272,2.72,"272 days shared in 2020"
"364","DE","WY",282,2.82,"282 days shared in 2020"
"365","FL","GA",170,1.7,"170 days shared in 2020"
"366","FL","HI",163,1.63,"163 days shared in 2020"
"367","FL","IA",188,1.88,"188 days shared in 2020"
"368","FL","ID",174,1.74,"174 days shared in 2020"
"369","FL","IL",165,1.65,"165 days shared in 2020"
"370","FL","IN",183,1.83,"183 days shared in 2020"
"371","FL","KS",160,1.6,"160 days shared in 2020"
"372","FL","KY",172,1.72,"172 days shared in 2020"
"373","FL","LA",180,1.8,"180 days shared in 2020"
"374","FL","MA",152,1.52,"152 days shared in 2020"
"375","FL","MD",160,1.6,"160 days shared in 2020"
"376","FL","ME",177,1.77,"177 days shared in 2020"
"377","FL","MI",158,1.58,"158 days shared in 2020"
"378","FL","MN",155,1.55,"155 days shared in 2020"
"379","FL","MO",185,1.85,"185 days shared in 2020"
"380","FL","MS",177,1.77,"177 days shared in 2020"
"381","FL","MT",191,1.91,"191 days shared in 2020"
"382","FL","NC",173,1.73,"173 days shared in 2020"
"383","FL","ND",114,1.14,"114 days shared in 2020"
"384","FL","NE",202,2.02,"202 days shared in 2020"
"385","FL","NH",176,1.76,"176 days shared in 2020"
"386","FL","NJ",148,1.48,"148 days shared in 2020"
"387","FL","NM",169,1.69,"169 days shared in 2020"
"388","FL","NV",186,1.86,"186 days shared in 2020"
"389","FL","NY",157,1.57,"157 days shared in 2020"
"390","FL","OH",178,1.78,"178 days shared in 2020"
"391","FL","OK",183,1.83,"183 days shared in 2020"
"392","FL","OR",180,1.8,"180 days shared in 2020"
"393","FL","PA",159,1.59,"159 days shared in 2020"
"394","FL","RI",186,1.86,"186 days shared in 2020"
"395","FL","SC",191,1.91,"191 days shared in 2020"
"396","FL","SD",100,1,"100 days shared in 2020"
"397","FL","TN",135,1.35,"135 days shared in 2020"
"398","FL","TX",188,1.88,"188 days shared in 2020"
"399","FL","UT",188,1.88,"188 days shared in 2020"
"400","FL","VA",178,1.78,"178 days shared in 2020"
"401","FL","VT",172,1.72,"172 days shared in 2020"
"402","FL","WA",171,1.71,"171 days shared in 2020"
"403","FL","WI",144,1.44,"144 days shared in 2020"
"404","FL","WV",191,1.91,"191 days shared in 2020"
"405","FL","WY",180,1.8,"180 days shared in 2020"
"406","GA","HI",240,2.4,"240 days shared in 2020"
"407","GA","IA",271,2.71,"271 days shared in 2020"
"408","GA","ID",263,2.63,"263 days shared in 2020"
"409","GA","IL",242,2.42,"242 days shared in 2020"
"410","GA","IN",260,2.6,"260 days shared in 2020"
"411","GA","KS",54,0.54,"54 days shared in 2020"
"412","GA","KY",249,2.49,"249 days shared in 2020"
"413","GA","LA",257,2.57,"257 days shared in 2020"
"414","GA","MA",240,2.4,"240 days shared in 2020"
"415","GA","MD",237,2.37,"237 days shared in 2020"
"416","GA","ME",255,2.55,"255 days shared in 2020"
"417","GA","MI",229,2.29,"229 days shared in 2020"
"418","GA","MN",204,2.04,"204 days shared in 2020"
"419","GA","MO",75,0.75,"75 days shared in 2020"
"420","GA","MS",279,2.79,"279 days shared in 2020"
"421","GA","MT",271,2.71,"271 days shared in 2020"
"422","GA","NC",250,2.5,"250 days shared in 2020"
"423","GA","ND",96,0.96,"96 days shared in 2020"
"424","GA","NE",230,2.3,"230 days shared in 2020"
"425","GA","NH",253,2.53,"253 days shared in 2020"
"426","GA","NJ",230,2.3,"230 days shared in 2020"
"427","GA","NM",228,2.28,"228 days shared in 2020"
"428","GA","NV",266,2.66,"266 days shared in 2020"
"429","GA","NY",234,2.34,"234 days shared in 2020"
"430","GA","OH",255,2.55,"255 days shared in 2020"
"431","GA","OK",278,2.78,"278 days shared in 2020"
"432","GA","OR",242,2.42,"242 days shared in 2020"
"433","GA","PA",238,2.38,"238 days shared in 2020"
"434","GA","RI",263,2.63,"263 days shared in 2020"
"435","GA","SC",269,2.69,"269 days shared in 2020"
"436","GA","SD",10,0.1,"10 days shared in 2020"
"437","GA","TN",32,0.32,"32 days shared in 2020"
"438","GA","TX",274,2.74,"274 days shared in 2020"
"439","GA","UT",272,2.72,"272 days shared in 2020"
"440","GA","VA",256,2.56,"256 days shared in 2020"
"441","GA","VT",249,2.49,"249 days shared in 2020"
"442","GA","WA",248,2.48,"248 days shared in 2020"
"443","GA","WI",25,0.25,"25 days shared in 2020"
"444","GA","WV",269,2.69,"269 days shared in 2020"
"445","GA","WY",259,2.59,"259 days shared in 2020"
"446","HI","IA",261,2.61,"261 days shared in 2020"
"447","HI","ID",268,2.68,"268 days shared in 2020"
"448","HI","IL",288,2.88,"288 days shared in 2020"
"449","HI","IN",270,2.7,"270 days shared in 2020"
"450","HI","KS",37,0.37,"37 days shared in 2020"
"451","HI","KY",281,2.81,"281 days shared in 2020"
"452","HI","LA",275,2.75,"275 days shared in 2020"
"453","HI","MA",278,2.78,"278 days shared in 2020"
"454","HI","MD",289,2.89,"289 days shared in 2020"
"455","HI","ME",277,2.77,"277 days shared in 2020"
"456","HI","MI",281,2.81,"281 days shared in 2020"
"457","HI","MN",256,2.56,"256 days shared in 2020"
"458","HI","MO",59,0.59,"59 days shared in 2020"
"459","HI","MS",253,2.53,"253 days shared in 2020"
"460","HI","MT",261,2.61,"261 days shared in 2020"
"461","HI","NC",282,2.82,"282 days shared in 2020"
"462","HI","ND",90,0.9,"90 days shared in 2020"
"463","HI","NE",204,2.04,"204 days shared in 2020"
"464","HI","NH",277,2.77,"277 days shared in 2020"
"465","HI","NJ",274,2.74,"274 days shared in 2020"
"466","HI","NM",268,2.68,"268 days shared in 2020"
"467","HI","NV",266,2.66,"266 days shared in 2020"
"468","HI","NY",286,2.86,"286 days shared in 2020"
"469","HI","OH",273,2.73,"273 days shared in 2020"
"470","HI","OK",253,2.53,"253 days shared in 2020"
"471","HI","OR",260,2.6,"260 days shared in 2020"
"472","HI","PA",286,2.86,"286 days shared in 2020"
"473","HI","RI",269,2.69,"269 days shared in 2020"
"474","HI","SC",263,2.63,"263 days shared in 2020"
"475","HI","SD",2,0.02,"2 days shared in 2020"
"476","HI","TN",37,0.37,"37 days shared in 2020"
"477","HI","TX",258,2.58,"258 days shared in 2020"
"478","HI","UT",260,2.6,"260 days shared in 2020"
"479","HI","VA",267,2.67,"267 days shared in 2020"
"480","HI","VT",281,2.81,"281 days shared in 2020"
"481","HI","WA",282,2.82,"282 days shared in 2020"
"482","HI","WI",58,0.58,"58 days shared in 2020"
"483","HI","WV",263,2.63,"263 days shared in 2020"
"484","HI","WY",273,2.73,"273 days shared in 2020"
"485","IA","ID",269,2.69,"269 days shared in 2020"
"486","IA","IL",263,2.63,"263 days shared in 2020"
"487","IA","IN",281,2.81,"281 days shared in 2020"
"488","IA","KS",56,0.56,"56 days shared in 2020"
"489","IA","KY",270,2.7,"270 days shared in 2020"
"490","IA","LA",278,2.78,"278 days shared in 2020"
"491","IA","MA",247,2.47,"247 days shared in 2020"
"492","IA","MD",258,2.58,"258 days shared in 2020"
"493","IA","ME",274,2.74,"274 days shared in 2020"
"494","IA","MI",250,2.5,"250 days shared in 2020"
"495","IA","MN",225,2.25,"225 days shared in 2020"
"496","IA","MO",84,0.84,"84 days shared in 2020"
"497","IA","MS",272,2.72,"272 days shared in 2020"
"498","IA","MT",286,2.86,"286 days shared in 2020"
"499","IA","NC",271,2.71,"271 days shared in 2020"
"500","IA","ND",111,1.11,"111 days shared in 2020"
"501","IA","NE",229,2.29,"229 days shared in 2020"
"502","IA","NH",274,2.74,"274 days shared in 2020"
"503","IA","NJ",243,2.43,"243 days shared in 2020"
"504","IA","NM",247,2.47,"247 days shared in 2020"
"505","IA","NV",281,2.81,"281 days shared in 2020"
"506","IA","NY",255,2.55,"255 days shared in 2020"
"507","IA","OH",276,2.76,"276 days shared in 2020"
"508","IA","OK",284,2.84,"284 days shared in 2020"
"509","IA","OR",263,2.63,"263 days shared in 2020"
"510","IA","PA",255,2.55,"255 days shared in 2020"
"511","IA","RI",284,2.84,"284 days shared in 2020"
"512","IA","SC",288,2.88,"288 days shared in 2020"
"513","IA","SD",2,0.02,"2 days shared in 2020"
"514","IA","TN",37,0.37,"37 days shared in 2020"
"515","IA","TX",289,2.89,"289 days shared in 2020"
"516","IA","UT",291,2.91,"291 days shared in 2020"
"517","IA","VA",270,2.7,"270 days shared in 2020"
"518","IA","VT",270,2.7,"270 days shared in 2020"
"519","IA","WA",269,2.69,"269 days shared in 2020"
"520","IA","WI",46,0.46,"46 days shared in 2020"
"521","IA","WV",288,2.88,"288 days shared in 2020"
"522","IA","WY",276,2.76,"276 days shared in 2020"
"523","ID","IL",270,2.7,"270 days shared in 2020"
"524","ID","IN",278,2.78,"278 days shared in 2020"
"525","ID","KS",47,0.47,"47 days shared in 2020"
"526","ID","KY",277,2.77,"277 days shared in 2020"
"527","ID","LA",283,2.83,"283 days shared in 2020"
"528","ID","MA",268,2.68,"268 days shared in 2020"
"529","ID","MD",265,2.65,"265 days shared in 2020"
"530","ID","ME",283,2.83,"283 days shared in 2020"
"531","ID","MI",257,2.57,"257 days shared in 2020"
"532","ID","MN",232,2.32,"232 days shared in 2020"
"533","ID","MO",79,0.79,"79 days shared in 2020"
"534","ID","MS",276,2.76,"276 days shared in 2020"
"535","ID","MT",275,2.75,"275 days shared in 2020"
"536","ID","NC",278,2.78,"278 days shared in 2020"
"537","ID","ND",94,0.94,"94 days shared in 2020"
"538","ID","NE",228,2.28,"228 days shared in 2020"
"539","ID","NH",281,2.81,"281 days shared in 2020"
"540","ID","NJ",258,2.58,"258 days shared in 2020"
"541","ID","NM",256,2.56,"256 days shared in 2020"
"542","ID","NV",280,2.8,"280 days shared in 2020"
"543","ID","NY",262,2.62,"262 days shared in 2020"
"544","ID","OH",281,2.81,"281 days shared in 2020"
"545","ID","OK",277,2.77,"277 days shared in 2020"
"546","ID","OR",268,2.68,"268 days shared in 2020"
"547","ID","PA",266,2.66,"266 days shared in 2020"
"548","ID","RI",277,2.77,"277 days shared in 2020"
"549","ID","SC",273,2.73,"273 days shared in 2020"
"550","ID","SD",10,0.1,"10 days shared in 2020"
"551","ID","TN",41,0.41,"41 days shared in 2020"
"552","ID","TX",272,2.72,"272 days shared in 2020"
"553","ID","UT",270,2.7,"270 days shared in 2020"
"554","ID","VA",282,2.82,"282 days shared in 2020"
"555","ID","VT",277,2.77,"277 days shared in 2020"
"556","ID","WA",276,2.76,"276 days shared in 2020"
"557","ID","WI",50,0.5,"50 days shared in 2020"
"558","ID","WV",273,2.73,"273 days shared in 2020"
"559","ID","WY",285,2.85,"285 days shared in 2020"
"560","IL","IN",274,2.74,"274 days shared in 2020"
"561","IL","KS",36,0.36,"36 days shared in 2020"
"562","IL","KY",285,2.85,"285 days shared in 2020"
"563","IL","LA",277,2.77,"277 days shared in 2020"
"564","IL","MA",274,2.74,"274 days shared in 2020"
"565","IL","MD",287,2.87,"287 days shared in 2020"
"566","IL","ME",279,2.79,"279 days shared in 2020"
"567","IL","MI",279,2.79,"279 days shared in 2020"
"568","IL","MN",252,2.52,"252 days shared in 2020"
"569","IL","MO",61,0.61,"61 days shared in 2020"
"570","IL","MS",255,2.55,"255 days shared in 2020"
"571","IL","MT",263,2.63,"263 days shared in 2020"
"572","IL","NC",284,2.84,"284 days shared in 2020"
"573","IL","ND",89,0.89,"89 days shared in 2020"
"574","IL","NE",206,2.06,"206 days shared in 2020"
"575","IL","NH",281,2.81,"281 days shared in 2020"
"576","IL","NJ",270,2.7,"270 days shared in 2020"
"577","IL","NM",271,2.71,"271 days shared in 2020"
"578","IL","NV",268,2.68,"268 days shared in 2020"
"579","IL","NY",284,2.84,"284 days shared in 2020"
"580","IL","OH",277,2.77,"277 days shared in 2020"
"581","IL","OK",255,2.55,"255 days shared in 2020"
"582","IL","OR",262,2.62,"262 days shared in 2020"
"583","IL","PA",282,2.82,"282 days shared in 2020"
"584","IL","RI",271,2.71,"271 days shared in 2020"
"585","IL","SC",265,2.65,"265 days shared in 2020"
"586","IL","SD",1,0.01,"1 days shared in 2020"
"587","IL","TN",36,0.36,"36 days shared in 2020"
"588","IL","TX",260,2.6,"260 days shared in 2020"
"589","IL","UT",262,2.62,"262 days shared in 2020"
"590","IL","VA",270,2.7,"270 days shared in 2020"
"591","IL","VT",284,2.84,"284 days shared in 2020"
"592","IL","WA",286,2.86,"286 days shared in 2020"
"593","IL","WI",58,0.58,"58 days shared in 2020"
"594","IL","WV",265,2.65,"265 days shared in 2020"
"595","IL","WY",275,2.75,"275 days shared in 2020"
"596","IN","KS",51,0.51,"51 days shared in 2020"
"597","IN","KY",281,2.81,"281 days shared in 2020"
"598","IN","LA",287,2.87,"287 days shared in 2020"
"599","IN","MA",256,2.56,"256 days shared in 2020"
"600","IN","MD",269,2.69,"269 days shared in 2020"
"601","IN","ME",283,2.83,"283 days shared in 2020"
"602","IN","MI",261,2.61,"261 days shared in 2020"
"603","IN","MN",234,2.34,"234 days shared in 2020"
"604","IN","MO",79,0.79,"79 days shared in 2020"
"605","IN","MS",273,2.73,"273 days shared in 2020"
"606","IN","MT",281,2.81,"281 days shared in 2020"
"607","IN","NC",280,2.8,"280 days shared in 2020"
"608","IN","ND",100,1,"100 days shared in 2020"
"609","IN","NE",224,2.24,"224 days shared in 2020"
"610","IN","NH",285,2.85,"285 days shared in 2020"
"611","IN","NJ",252,2.52,"252 days shared in 2020"
"612","IN","NM",257,2.57,"257 days shared in 2020"
"613","IN","NV",286,2.86,"286 days shared in 2020"
"614","IN","NY",266,2.66,"266 days shared in 2020"
"615","IN","OH",287,2.87,"287 days shared in 2020"
"616","IN","OK",273,2.73,"273 days shared in 2020"
"617","IN","OR",272,2.72,"272 days shared in 2020"
"618","IN","PA",264,2.64,"264 days shared in 2020"
"619","IN","RI",289,2.89,"289 days shared in 2020"
"620","IN","SC",283,2.83,"283 days shared in 2020"
"621","IN","SD",1,0.01,"1 days shared in 2020"
"622","IN","TN",36,0.36,"36 days shared in 2020"
"623","IN","TX",278,2.78,"278 days shared in 2020"
"624","IN","UT",280,2.8,"280 days shared in 2020"
"625","IN","VA",280,2.8,"280 days shared in 2020"
"626","IN","VT",280,2.8,"280 days shared in 2020"
"627","IN","WA",280,2.8,"280 days shared in 2020"
"628","IN","WI",56,0.56,"56 days shared in 2020"
"629","IN","WV",283,2.83,"283 days shared in 2020"
"630","IN","WY",285,2.85,"285 days shared in 2020"
"631","KS","KY",40,0.4,"40 days shared in 2020"
"632","KS","LA",48,0.48,"48 days shared in 2020"
"633","KS","MA",37,0.37,"37 days shared in 2020"
"634","KS","MD",36,0.36,"36 days shared in 2020"
"635","KS","ME",45,0.45,"45 days shared in 2020"
"636","KS","MI",39,0.39,"39 days shared in 2020"
"637","KS","MN",37,0.37,"37 days shared in 2020"
"638","KS","MO",258,2.58,"258 days shared in 2020"
"639","KS","MS",61,0.61,"61 days shared in 2020"
"640","KS","MT",59,0.59,"59 days shared in 2020"
"641","KS","NC",41,0.41,"41 days shared in 2020"
"642","KS","ND",226,2.26,"226 days shared in 2020"
"643","KS","NE",102,1.02,"102 days shared in 2020"
"644","KS","NH",44,0.44,"44 days shared in 2020"
"645","KS","NJ",37,0.37,"37 days shared in 2020"
"646","KS","NM",38,0.38,"38 days shared in 2020"
"647","KS","NV",54,0.54,"54 days shared in 2020"
"648","KS","NY",36,0.36,"36 days shared in 2020"
"649","KS","OH",46,0.46,"46 days shared in 2020"
"650","KS","OK",56,0.56,"56 days shared in 2020"
"651","KS","OR",48,0.48,"48 days shared in 2020"
"652","KS","PA",37,0.37,"37 days shared in 2020"
"653","KS","RI",54,0.54,"54 days shared in 2020"
"654","KS","SC",59,0.59,"59 days shared in 2020"
"655","KS","SD",222,2.22,"222 days shared in 2020"
"656","KS","TN",250,2.5,"250 days shared in 2020"
"657","KS","TX",56,0.56,"56 days shared in 2020"
"658","KS","UT",56,0.56,"56 days shared in 2020"
"659","KS","VA",54,0.54,"54 days shared in 2020"
"660","KS","VT",40,0.4,"40 days shared in 2020"
"661","KS","WA",39,0.39,"39 days shared in 2020"
"662","KS","WI",256,2.56,"256 days shared in 2020"
"663","KS","WV",59,0.59,"59 days shared in 2020"
"664","KS","WY",48,0.48,"48 days shared in 2020"
"665","KY","LA",284,2.84,"284 days shared in 2020"
"666","KY","MA",267,2.67,"267 days shared in 2020"
"667","KY","MD",280,2.8,"280 days shared in 2020"
"668","KY","ME",286,2.86,"286 days shared in 2020"
"669","KY","MI",272,2.72,"272 days shared in 2020"
"670","KY","MN",245,2.45,"245 days shared in 2020"
"671","KY","MO",68,0.68,"68 days shared in 2020"
"672","KY","MS",262,2.62,"262 days shared in 2020"
"673","KY","MT",270,2.7,"270 days shared in 2020"
"674","KY","NC",291,2.91,"291 days shared in 2020"
"675","KY","ND",89,0.89,"89 days shared in 2020"
"676","KY","NE",213,2.13,"213 days shared in 2020"
"677","KY","NH",288,2.88,"288 days shared in 2020"
"678","KY","NJ",263,2.63,"263 days shared in 2020"
"679","KY","NM",268,2.68,"268 days shared in 2020"
"680","KY","NV",275,2.75,"275 days shared in 2020"
"681","KY","NY",277,2.77,"277 days shared in 2020"
"682","KY","OH",284,2.84,"284 days shared in 2020"
"683","KY","OK",262,2.62,"262 days shared in 2020"
"684","KY","OR",269,2.69,"269 days shared in 2020"
"685","KY","PA",275,2.75,"275 days shared in 2020"
"686","KY","RI",278,2.78,"278 days shared in 2020"
"687","KY","SC",272,2.72,"272 days shared in 2020"
"688","KY","SD",1,0.01,"1 days shared in 2020"
"689","KY","TN",36,0.36,"36 days shared in 2020"
"690","KY","TX",267,2.67,"267 days shared in 2020"
"691","KY","UT",269,2.69,"269 days shared in 2020"
"692","KY","VA",277,2.77,"277 days shared in 2020"
"693","KY","VT",291,2.91,"291 days shared in 2020"
"694","KY","WA",291,2.91,"291 days shared in 2020"
"695","KY","WI",58,0.58,"58 days shared in 2020"
"696","KY","WV",272,2.72,"272 days shared in 2020"
"697","KY","WY",282,2.82,"282 days shared in 2020"
"698","LA","MA",261,2.61,"261 days shared in 2020"
"699","LA","MD",272,2.72,"272 days shared in 2020"
"700","LA","ME",288,2.88,"288 days shared in 2020"
"701","LA","MI",264,2.64,"264 days shared in 2020"
"702","LA","MN",239,2.39,"239 days shared in 2020"
"703","LA","MO",76,0.76,"76 days shared in 2020"
"704","LA","MS",270,2.7,"270 days shared in 2020"
"705","LA","MT",278,2.78,"278 days shared in 2020"
"706","LA","NC",285,2.85,"285 days shared in 2020"
"707","LA","ND",97,0.97,"97 days shared in 2020"
"708","LA","NE",221,2.21,"221 days shared in 2020"
"709","LA","NH",288,2.88,"288 days shared in 2020"
"710","LA","NJ",257,2.57,"257 days shared in 2020"
"711","LA","NM",261,2.61,"261 days shared in 2020"
"712","LA","NV",283,2.83,"283 days shared in 2020"
"713","LA","NY",269,2.69,"269 days shared in 2020"
"714","LA","OH",290,2.9,"290 days shared in 2020"
"715","LA","OK",270,2.7,"270 days shared in 2020"
"716","LA","OR",277,2.77,"277 days shared in 2020"
"717","LA","PA",269,2.69,"269 days shared in 2020"
"718","LA","RI",286,2.86,"286 days shared in 2020"
"719","LA","SC",280,2.8,"280 days shared in 2020"
"720","LA","SD",2,0.02,"2 days shared in 2020"
"721","LA","TN",37,0.37,"37 days shared in 2020"
"722","LA","TX",275,2.75,"275 days shared in 2020"
"723","LA","UT",277,2.77,"277 days shared in 2020"
"724","LA","VA",284,2.84,"284 days shared in 2020"
"725","LA","VT",284,2.84,"284 days shared in 2020"
"726","LA","WA",283,2.83,"283 days shared in 2020"
"727","LA","WI",58,0.58,"58 days shared in 2020"
"728","LA","WV",280,2.8,"280 days shared in 2020"
"729","LA","WY",290,2.9,"290 days shared in 2020"
"730","MA","MD",279,2.79,"279 days shared in 2020"
"731","MA","ME",265,2.65,"265 days shared in 2020"
"732","MA","MI",281,2.81,"281 days shared in 2020"
"733","MA","MN",256,2.56,"256 days shared in 2020"
"734","MA","MO",57,0.57,"57 days shared in 2020"
"735","MA","MS",253,2.53,"253 days shared in 2020"
"736","MA","MT",253,2.53,"253 days shared in 2020"
"737","MA","NC",268,2.68,"268 days shared in 2020"
"738","MA","ND",89,0.89,"89 days shared in 2020"
"739","MA","NE",204,2.04,"204 days shared in 2020"
"740","MA","NH",263,2.63,"263 days shared in 2020"
"741","MA","NJ",282,2.82,"282 days shared in 2020"
"742","MA","NM",256,2.56,"256 days shared in 2020"
"743","MA","NV",258,2.58,"258 days shared in 2020"
"744","MA","NY",282,2.82,"282 days shared in 2020"
"745","MA","OH",259,2.59,"259 days shared in 2020"
"746","MA","OK",253,2.53,"253 days shared in 2020"
"747","MA","OR",246,2.46,"246 days shared in 2020"
"748","MA","PA",284,2.84,"284 days shared in 2020"
"749","MA","RI",255,2.55,"255 days shared in 2020"
"750","MA","SC",251,2.51,"251 days shared in 2020"
"751","MA","SD",9,0.09,"9 days shared in 2020"
"752","MA","TN",42,0.42,"42 days shared in 2020"
"753","MA","TX",250,2.5,"250 days shared in 2020"
"754","MA","UT",248,2.48,"248 days shared in 2020"
"755","MA","VA",260,2.6,"260 days shared in 2020"
"756","MA","VT",267,2.67,"267 days shared in 2020"
"757","MA","WA",268,2.68,"268 days shared in 2020"
"758","MA","WI",51,0.51,"51 days shared in 2020"
"759","MA","WV",251,2.51,"251 days shared in 2020"
"760","MA","WY",263,2.63,"263 days shared in 2020"
"761","MD","ME",274,2.74,"274 days shared in 2020"
"762","MD","MI",284,2.84,"284 days shared in 2020"
"763","MD","MN",257,2.57,"257 days shared in 2020"
"764","MD","MO",56,0.56,"56 days shared in 2020"
"765","MD","MS",250,2.5,"250 days shared in 2020"
"766","MD","MT",258,2.58,"258 days shared in 2020"
"767","MD","NC",279,2.79,"279 days shared in 2020"
"768","MD","ND",89,0.89,"89 days shared in 2020"
"769","MD","NE",201,2.01,"201 days shared in 2020"
"770","MD","NH",276,2.76,"276 days shared in 2020"
"771","MD","NJ",275,2.75,"275 days shared in 2020"
"772","MD","NM",266,2.66,"266 days shared in 2020"
"773","MD","NV",263,2.63,"263 days shared in 2020"
"774","MD","NY",289,2.89,"289 days shared in 2020"
"775","MD","OH",272,2.72,"272 days shared in 2020"
"776","MD","OK",250,2.5,"250 days shared in 2020"
"777","MD","OR",257,2.57,"257 days shared in 2020"
"778","MD","PA",287,2.87,"287 days shared in 2020"
"779","MD","RI",266,2.66,"266 days shared in 2020"
"780","MD","SC",260,2.6,"260 days shared in 2020"
"781","MD","SD",1,0.01,"1 days shared in 2020"
"782","MD","TN",36,0.36,"36 days shared in 2020"
"783","MD","TX",255,2.55,"255 days shared in 2020"
"784","MD","UT",257,2.57,"257 days shared in 2020"
"785","MD","VA",265,2.65,"265 days shared in 2020"
"786","MD","VT",279,2.79,"279 days shared in 2020"
"787","MD","WA",281,2.81,"281 days shared in 2020"
"788","MD","WI",58,0.58,"58 days shared in 2020"
"789","MD","WV",260,2.6,"260 days shared in 2020"
"790","MD","WY",270,2.7,"270 days shared in 2020"
"791","ME","MI",266,2.66,"266 days shared in 2020"
"792","ME","MN",241,2.41,"241 days shared in 2020"
"793","ME","MO",74,0.74,"74 days shared in 2020"
"794","ME","MS",268,2.68,"268 days shared in 2020"
"795","ME","MT",276,2.76,"276 days shared in 2020"
"796","ME","NC",287,2.87,"287 days shared in 2020"
"797","ME","ND",95,0.95,"95 days shared in 2020"
"798","ME","NE",219,2.19,"219 days shared in 2020"
"799","ME","NH",290,2.9,"290 days shared in 2020"
"800","ME","NJ",261,2.61,"261 days shared in 2020"
"801","ME","NM",264,2.64,"264 days shared in 2020"
"802","ME","NV",281,2.81,"281 days shared in 2020"
"803","ME","NY",271,2.71,"271 days shared in 2020"
"804","ME","OH",286,2.86,"286 days shared in 2020"
"805","ME","OK",268,2.68,"268 days shared in 2020"
"806","ME","OR",273,2.73,"273 days shared in 2020"
"807","ME","PA",273,2.73,"273 days shared in 2020"
"808","ME","RI",282,2.82,"282 days shared in 2020"
"809","ME","SC",278,2.78,"278 days shared in 2020"
"810","ME","SD",3,0.03,"3 days shared in 2020"
"811","ME","TN",38,0.38,"38 days shared in 2020"
"812","ME","TX",273,2.73,"273 days shared in 2020"
"813","ME","UT",275,2.75,"275 days shared in 2020"
"814","ME","VA",281,2.81,"281 days shared in 2020"
"815","ME","VT",286,2.86,"286 days shared in 2020"
"816","ME","WA",285,2.85,"285 days shared in 2020"
"817","ME","WI",57,0.57,"57 days shared in 2020"
"818","ME","WV",278,2.78,"278 days shared in 2020"
"819","ME","WY",288,2.88,"288 days shared in 2020"
"820","MI","MN",259,2.59,"259 days shared in 2020"
"821","MI","MO",54,0.54,"54 days shared in 2020"
"822","MI","MS",242,2.42,"242 days shared in 2020"
"823","MI","MT",250,2.5,"250 days shared in 2020"
"824","MI","NC",271,2.71,"271 days shared in 2020"
"825","MI","ND",92,0.92,"92 days shared in 2020"
"826","MI","NE",199,1.99,"199 days shared in 2020"
"827","MI","NH",268,2.68,"268 days shared in 2020"
"828","MI","NJ",277,2.77,"277 days shared in 2020"
"829","MI","NM",258,2.58,"258 days shared in 2020"
"830","MI","NV",255,2.55,"255 days shared in 2020"
"831","MI","NY",287,2.87,"287 days shared in 2020"
"832","MI","OH",264,2.64,"264 days shared in 2020"
"833","MI","OK",242,2.42,"242 days shared in 2020"
"834","MI","OR",249,2.49,"249 days shared in 2020"
"835","MI","PA",283,2.83,"283 days shared in 2020"
"836","MI","RI",258,2.58,"258 days shared in 2020"
"837","MI","SC",252,2.52,"252 days shared in 2020"
"838","MI","SD",4,0.04,"4 days shared in 2020"
"839","MI","TN",39,0.39,"39 days shared in 2020"
"840","MI","TX",247,2.47,"247 days shared in 2020"
"841","MI","UT",249,2.49,"249 days shared in 2020"
"842","MI","VA",257,2.57,"257 days shared in 2020"
"843","MI","VT",271,2.71,"271 days shared in 2020"
"844","MI","WA",273,2.73,"273 days shared in 2020"
"845","MI","WI",61,0.61,"61 days shared in 2020"
"846","MI","WV",252,2.52,"252 days shared in 2020"
"847","MI","WY",262,2.62,"262 days shared in 2020"
"848","MN","MO",51,0.51,"51 days shared in 2020"
"849","MN","MS",217,2.17,"217 days shared in 2020"
"850","MN","MT",225,2.25,"225 days shared in 2020"
"851","MN","NC",246,2.46,"246 days shared in 2020"
"852","MN","ND",62,0.62,"62 days shared in 2020"
"853","MN","NE",168,1.68,"168 days shared in 2020"
"854","MN","NH",241,2.41,"241 days shared in 2020"
"855","MN","NJ",254,2.54,"254 days shared in 2020"
"856","MN","NM",256,2.56,"256 days shared in 2020"
"857","MN","NV",230,2.3,"230 days shared in 2020"
"858","MN","NY",260,2.6,"260 days shared in 2020"
"859","MN","OH",237,2.37,"237 days shared in 2020"
"860","MN","OK",217,2.17,"217 days shared in 2020"
"861","MN","OR",250,2.5,"250 days shared in 2020"
"862","MN","PA",258,2.58,"258 days shared in 2020"
"863","MN","RI",233,2.33,"233 days shared in 2020"
"864","MN","SC",227,2.27,"227 days shared in 2020"
"865","MN","SD",2,0.02,"2 days shared in 2020"
"866","MN","TN",37,0.37,"37 days shared in 2020"
"867","MN","TX",222,2.22,"222 days shared in 2020"
"868","MN","UT",224,2.24,"224 days shared in 2020"
"869","MN","VA",231,2.31,"231 days shared in 2020"
"870","MN","VT",245,2.45,"245 days shared in 2020"
"871","MN","WA",246,2.46,"246 days shared in 2020"
"872","MN","WI",58,0.58,"58 days shared in 2020"
"873","MN","WV",227,2.27,"227 days shared in 2020"
"874","MN","WY",237,2.37,"237 days shared in 2020"
"875","MO","MS",82,0.82,"82 days shared in 2020"
"876","MO","MT",90,0.9,"90 days shared in 2020"
"877","MO","NC",69,0.69,"69 days shared in 2020"
"878","MO","ND",215,2.15,"215 days shared in 2020"
"879","MO","NE",129,1.29,"129 days shared in 2020"
"880","MO","NH",72,0.72,"72 days shared in 2020"
"881","MO","NJ",49,0.49,"49 days shared in 2020"
"882","MO","NM",63,0.63,"63 days shared in 2020"
"883","MO","NV",85,0.85,"85 days shared in 2020"
"884","MO","NY",53,0.53,"53 days shared in 2020"
"885","MO","OH",74,0.74,"74 days shared in 2020"
"886","MO","OK",88,0.88,"88 days shared in 2020"
"887","MO","OR",76,0.76,"76 days shared in 2020"
"888","MO","PA",57,0.57,"57 days shared in 2020"
"889","MO","RI",82,0.82,"82 days shared in 2020"
"890","MO","SC",88,0.88,"88 days shared in 2020"
"891","MO","SD",207,2.07,"207 days shared in 2020"
"892","MO","TN",242,2.42,"242 days shared in 2020"
"893","MO","TX",87,0.87,"87 days shared in 2020"
"894","MO","UT",85,0.85,"85 days shared in 2020"
"895","MO","VA",74,0.74,"74 days shared in 2020"
"896","MO","VT",68,0.68,"68 days shared in 2020"
"897","MO","WA",67,0.67,"67 days shared in 2020"
"898","MO","WI",242,2.42,"242 days shared in 2020"
"899","MO","WV",88,0.88,"88 days shared in 2020"
"900","MO","WY",78,0.78,"78 days shared in 2020"
"901","MS","MT",278,2.78,"278 days shared in 2020"
"902","MS","NC",263,2.63,"263 days shared in 2020"
"903","MS","ND",97,0.97,"97 days shared in 2020"
"904","MS","NE",236,2.36,"236 days shared in 2020"
"905","MS","NH",266,2.66,"266 days shared in 2020"
"906","MS","NJ",243,2.43,"243 days shared in 2020"
"907","MS","NM",241,2.41,"241 days shared in 2020"
"908","MS","NV",279,2.79,"279 days shared in 2020"
"909","MS","NY",247,2.47,"247 days shared in 2020"
"910","MS","OH",268,2.68,"268 days shared in 2020"
"911","MS","OK",279,2.79,"279 days shared in 2020"
"912","MS","OR",255,2.55,"255 days shared in 2020"
"913","MS","PA",251,2.51,"251 days shared in 2020"
"914","MS","RI",276,2.76,"276 days shared in 2020"
"915","MS","SC",276,2.76,"276 days shared in 2020"
"916","MS","SD",9,0.09,"9 days shared in 2020"
"917","MS","TN",35,0.35,"35 days shared in 2020"
"918","MS","TX",275,2.75,"275 days shared in 2020"
"919","MS","UT",273,2.73,"273 days shared in 2020"
"920","MS","VA",269,2.69,"269 days shared in 2020"
"921","MS","VT",262,2.62,"262 days shared in 2020"
"922","MS","WA",261,2.61,"261 days shared in 2020"
"923","MS","WI",38,0.38,"38 days shared in 2020"
"924","MS","WV",276,2.76,"276 days shared in 2020"
"925","MS","WY",272,2.72,"272 days shared in 2020"
"926","MT","NC",271,2.71,"271 days shared in 2020"
"927","MT","ND",111,1.11,"111 days shared in 2020"
"928","MT","NE",235,2.35,"235 days shared in 2020"
"929","MT","NH",274,2.74,"274 days shared in 2020"
"930","MT","NJ",249,2.49,"249 days shared in 2020"
"931","MT","NM",249,2.49,"249 days shared in 2020"
"932","MT","NV",287,2.87,"287 days shared in 2020"
"933","MT","NY",255,2.55,"255 days shared in 2020"
"934","MT","OH",276,2.76,"276 days shared in 2020"
"935","MT","OK",284,2.84,"284 days shared in 2020"
"936","MT","OR",263,2.63,"263 days shared in 2020"
"937","MT","PA",259,2.59,"259 days shared in 2020"
"938","MT","RI",284,2.84,"284 days shared in 2020"
"939","MT","SC",290,2.9,"290 days shared in 2020"
"940","MT","SD",5,0.05,"5 days shared in 2020"
"941","MT","TN",40,0.4,"40 days shared in 2020"
"942","MT","TX",289,2.89,"289 days shared in 2020"
"943","MT","UT",287,2.87,"287 days shared in 2020"
"944","MT","VA",273,2.73,"273 days shared in 2020"
"945","MT","VT",270,2.7,"270 days shared in 2020"
"946","MT","WA",269,2.69,"269 days shared in 2020"
"947","MT","WI",46,0.46,"46 days shared in 2020"
"948","MT","WV",290,2.9,"290 days shared in 2020"
"949","MT","WY",280,2.8,"280 days shared in 2020"
"950","NC","ND",90,0.9,"90 days shared in 2020"
"951","NC","NE",214,2.14,"214 days shared in 2020"
"952","NC","NH",287,2.87,"287 days shared in 2020"
"953","NC","NJ",264,2.64,"264 days shared in 2020"
"954","NC","NM",268,2.68,"268 days shared in 2020"
"955","NC","NV",276,2.76,"276 days shared in 2020"
"956","NC","NY",276,2.76,"276 days shared in 2020"
"957","NC","OH",283,2.83,"283 days shared in 2020"
"958","NC","OK",263,2.63,"263 days shared in 2020"
"959","NC","OR",270,2.7,"270 days shared in 2020"
"960","NC","PA",276,2.76,"276 days shared in 2020"
"961","NC","RI",279,2.79,"279 days shared in 2020"
"962","NC","SC",273,2.73,"273 days shared in 2020"
"963","NC","SD",2,0.02,"2 days shared in 2020"
"964","NC","TN",37,0.37,"37 days shared in 2020"
"965","NC","TX",268,2.68,"268 days shared in 2020"
"966","NC","UT",270,2.7,"270 days shared in 2020"
"967","NC","VA",277,2.77,"277 days shared in 2020"
"968","NC","VT",291,2.91,"291 days shared in 2020"
"969","NC","WA",290,2.9,"290 days shared in 2020"
"970","NC","WI",58,0.58,"58 days shared in 2020"
"971","NC","WV",273,2.73,"273 days shared in 2020"
"972","NC","WY",283,2.83,"283 days shared in 2020"
"973","ND","NE",128,1.28,"128 days shared in 2020"
"974","ND","NH",93,0.93,"93 days shared in 2020"
"975","ND","NJ",92,0.92,"92 days shared in 2020"
"976","ND","NM",73,0.73,"73 days shared in 2020"
"977","ND","NV",106,1.06,"106 days shared in 2020"
"978","ND","NY",89,0.89,"89 days shared in 2020"
"979","ND","OH",95,0.95,"95 days shared in 2020"
"980","ND","OK",109,1.09,"109 days shared in 2020"
"981","ND","OR",82,0.82,"82 days shared in 2020"
"982","ND","PA",92,0.92,"92 days shared in 2020"
"983","ND","RI",103,1.03,"103 days shared in 2020"
"984","ND","SC",109,1.09,"109 days shared in 2020"
"985","ND","SD",183,1.83,"183 days shared in 2020"
"986","ND","TN",218,2.18,"218 days shared in 2020"
"987","ND","TX",114,1.14,"114 days shared in 2020"
"988","ND","UT",112,1.12,"112 days shared in 2020"
"989","ND","VA",92,0.92,"92 days shared in 2020"
"990","ND","VT",89,0.89,"89 days shared in 2020"
"991","ND","WA",89,0.89,"89 days shared in 2020"
"992","ND","WI",221,2.21,"221 days shared in 2020"
"993","ND","WV",109,1.09,"109 days shared in 2020"
"994","ND","WY",99,0.99,"99 days shared in 2020"
"995","NE","NH",217,2.17,"217 days shared in 2020"
"996","NE","NJ",194,1.94,"194 days shared in 2020"
"997","NE","NM",192,1.92,"192 days shared in 2020"
"998","NE","NV",230,2.3,"230 days shared in 2020"
"999","NE","NY",198,1.98,"198 days shared in 2020"
"1000","NE","OH",219,2.19,"219 days shared in 2020"
"1001","NE","OK",237,2.37,"237 days shared in 2020"
"1002","NE","OR",206,2.06,"206 days shared in 2020"
"1003","NE","PA",202,2.02,"202 days shared in 2020"
"1004","NE","RI",227,2.27,"227 days shared in 2020"
"1005","NE","SC",233,2.33,"233 days shared in 2020"
"1006","NE","SD",62,0.62,"62 days shared in 2020"
"1007","NE","TN",79,0.79,"79 days shared in 2020"
"1008","NE","TX",232,2.32,"232 days shared in 2020"
"1009","NE","UT",230,2.3,"230 days shared in 2020"
"1010","NE","VA",220,2.2,"220 days shared in 2020"
"1011","NE","VT",213,2.13,"213 days shared in 2020"
"1012","NE","WA",212,2.12,"212 days shared in 2020"
"1013","NE","WI",79,0.79,"79 days shared in 2020"
"1014","NE","WV",233,2.33,"233 days shared in 2020"
"1015","NE","WY",223,2.23,"223 days shared in 2020"
"1016","NH","NJ",259,2.59,"259 days shared in 2020"
"1017","NH","NM",264,2.64,"264 days shared in 2020"
"1018","NH","NV",279,2.79,"279 days shared in 2020"
"1019","NH","NY",273,2.73,"273 days shared in 2020"
"1020","NH","OH",288,2.88,"288 days shared in 2020"
"1021","NH","OK",266,2.66,"266 days shared in 2020"
"1022","NH","OR",273,2.73,"273 days shared in 2020"
"1023","NH","PA",271,2.71,"271 days shared in 2020"
"1024","NH","RI",282,2.82,"282 days shared in 2020"
"1025","NH","SC",276,2.76,"276 days shared in 2020"
"1026","NH","SD",1,0.01,"1 days shared in 2020"
"1027","NH","TN",36,0.36,"36 days shared in 2020"
"1028","NH","TX",271,2.71,"271 days shared in 2020"
"1029","NH","UT",273,2.73,"273 days shared in 2020"
"1030","NH","VA",281,2.81,"281 days shared in 2020"
"1031","NH","VT",287,2.87,"287 days shared in 2020"
"1032","NH","WA",287,2.87,"287 days shared in 2020"
"1033","NH","WI",58,0.58,"58 days shared in 2020"
"1034","NH","WV",276,2.76,"276 days shared in 2020"
"1035","NH","WY",286,2.86,"286 days shared in 2020"
"1036","NJ","NM",252,2.52,"252 days shared in 2020"
"1037","NJ","NV",254,2.54,"254 days shared in 2020"
"1038","NJ","NY",278,2.78,"278 days shared in 2020"
"1039","NJ","OH",255,2.55,"255 days shared in 2020"
"1040","NJ","OK",243,2.43,"243 days shared in 2020"
"1041","NJ","OR",242,2.42,"242 days shared in 2020"
"1042","NJ","PA",280,2.8,"280 days shared in 2020"
"1043","NJ","RI",251,2.51,"251 days shared in 2020"
"1044","NJ","SC",247,2.47,"247 days shared in 2020"
"1045","NJ","SD",6,0.06,"6 days shared in 2020"
"1046","NJ","TN",41,0.41,"41 days shared in 2020"
"1047","NJ","TX",246,2.46,"246 days shared in 2020"
"1048","NJ","UT",244,2.44,"244 days shared in 2020"
"1049","NJ","VA",253,2.53,"253 days shared in 2020"
"1050","NJ","VT",263,2.63,"263 days shared in 2020"
"1051","NJ","WA",264,2.64,"264 days shared in 2020"
"1052","NJ","WI",54,0.54,"54 days shared in 2020"
"1053","NJ","WV",247,2.47,"247 days shared in 2020"
"1054","NJ","WY",259,2.59,"259 days shared in 2020"
"1055","NM","NV",254,2.54,"254 days shared in 2020"
"1056","NM","NY",263,2.63,"263 days shared in 2020"
"1057","NM","OH",260,2.6,"260 days shared in 2020"
"1058","NM","OK",241,2.41,"241 days shared in 2020"
"1059","NM","OR",274,2.74,"274 days shared in 2020"
"1060","NM","PA",264,2.64,"264 days shared in 2020"
"1061","NM","RI",255,2.55,"255 days shared in 2020"
"1062","NM","SC",250,2.5,"250 days shared in 2020"
"1063","NM","SD",1,0.01,"1 days shared in 2020"
"1064","NM","TN",36,0.36,"36 days shared in 2020"
"1065","NM","TX",246,2.46,"246 days shared in 2020"
"1066","NM","UT",247,2.47,"247 days shared in 2020"
"1067","NM","VA",259,2.59,"259 days shared in 2020"
"1068","NM","VT",269,2.69,"269 days shared in 2020"
"1069","NM","WA",269,2.69,"269 days shared in 2020"
"1070","NM","WI",57,0.57,"57 days shared in 2020"
"1071","NM","WV",250,2.5,"250 days shared in 2020"
"1072","NM","WY",261,2.61,"261 days shared in 2020"
"1073","NV","NY",260,2.6,"260 days shared in 2020"
"1074","NV","OH",281,2.81,"281 days shared in 2020"
"1075","NV","OK",279,2.79,"279 days shared in 2020"
"1076","NV","OR",268,2.68,"268 days shared in 2020"
"1077","NV","PA",264,2.64,"264 days shared in 2020"
"1078","NV","RI",289,2.89,"289 days shared in 2020"
"1079","NV","SC",285,2.85,"285 days shared in 2020"
"1080","NV","SD",5,0.05,"5 days shared in 2020"
"1081","NV","TN",40,0.4,"40 days shared in 2020"
"1082","NV","TX",284,2.84,"284 days shared in 2020"
"1083","NV","UT",282,2.82,"282 days shared in 2020"
"1084","NV","VA",278,2.78,"278 days shared in 2020"
"1085","NV","VT",275,2.75,"275 days shared in 2020"
"1086","NV","WA",274,2.74,"274 days shared in 2020"
"1087","NV","WI",51,0.51,"51 days shared in 2020"
"1088","NV","WV",285,2.85,"285 days shared in 2020"
"1089","NV","WY",285,2.85,"285 days shared in 2020"
"1090","NY","OH",269,2.69,"269 days shared in 2020"
"1091","NY","OK",247,2.47,"247 days shared in 2020"
"1092","NY","OR",254,2.54,"254 days shared in 2020"
"1093","NY","PA",288,2.88,"288 days shared in 2020"
"1094","NY","RI",263,2.63,"263 days shared in 2020"
"1095","NY","SC",257,2.57,"257 days shared in 2020"
"1096","NY","SD",1,0.01,"1 days shared in 2020"
"1097","NY","TN",36,0.36,"36 days shared in 2020"
"1098","NY","TX",252,2.52,"252 days shared in 2020"
"1099","NY","UT",254,2.54,"254 days shared in 2020"
"1100","NY","VA",262,2.62,"262 days shared in 2020"
"1101","NY","VT",276,2.76,"276 days shared in 2020"
"1102","NY","WA",278,2.78,"278 days shared in 2020"
"1103","NY","WI",58,0.58,"58 days shared in 2020"
"1104","NY","WV",257,2.57,"257 days shared in 2020"
"1105","NY","WY",267,2.67,"267 days shared in 2020"
"1106","OH","OK",268,2.68,"268 days shared in 2020"
"1107","OH","OR",275,2.75,"275 days shared in 2020"
"1108","OH","PA",267,2.67,"267 days shared in 2020"
"1109","OH","RI",284,2.84,"284 days shared in 2020"
"1110","OH","SC",278,2.78,"278 days shared in 2020"
"1111","OH","SD",0,0,"0 days shared in 2020"
"1112","OH","TN",35,0.35,"35 days shared in 2020"
"1113","OH","TX",273,2.73,"273 days shared in 2020"
"1114","OH","UT",275,2.75,"275 days shared in 2020"
"1115","OH","VA",283,2.83,"283 days shared in 2020"
"1116","OH","VT",283,2.83,"283 days shared in 2020"
"1117","OH","WA",283,2.83,"283 days shared in 2020"
"1118","OH","WI",57,0.57,"57 days shared in 2020"
"1119","OH","WV",278,2.78,"278 days shared in 2020"
"1120","OH","WY",288,2.88,"288 days shared in 2020"
"1121","OK","OR",255,2.55,"255 days shared in 2020"
"1122","OK","PA",251,2.51,"251 days shared in 2020"
"1123","OK","RI",276,2.76,"276 days shared in 2020"
"1124","OK","SC",282,2.82,"282 days shared in 2020"
"1125","OK","SD",10,0.1,"10 days shared in 2020"
"1126","OK","TN",41,0.41,"41 days shared in 2020"
"1127","OK","TX",287,2.87,"287 days shared in 2020"
"1128","OK","UT",285,2.85,"285 days shared in 2020"
"1129","OK","VA",269,2.69,"269 days shared in 2020"
"1130","OK","VT",262,2.62,"262 days shared in 2020"
"1131","OK","WA",261,2.61,"261 days shared in 2020"
"1132","OK","WI",38,0.38,"38 days shared in 2020"
"1133","OK","WV",282,2.82,"282 days shared in 2020"
"1134","OK","WY",272,2.72,"272 days shared in 2020"
"1135","OR","PA",254,2.54,"254 days shared in 2020"
"1136","OR","RI",271,2.71,"271 days shared in 2020"
"1137","OR","SC",265,2.65,"265 days shared in 2020"
"1138","OR","SD",2,0.02,"2 days shared in 2020"
"1139","OR","TN",37,0.37,"37 days shared in 2020"
"1140","OR","TX",260,2.6,"260 days shared in 2020"
"1141","OR","UT",262,2.62,"262 days shared in 2020"
"1142","OR","VA",269,2.69,"269 days shared in 2020"
"1143","OR","VT",269,2.69,"269 days shared in 2020"
"1144","OR","WA",268,2.68,"268 days shared in 2020"
"1145","OR","WI",58,0.58,"58 days shared in 2020"
"1146","OR","WV",265,2.65,"265 days shared in 2020"
"1147","OR","WY",275,2.75,"275 days shared in 2020"
"1148","PA","RI",263,2.63,"263 days shared in 2020"
"1149","PA","SC",259,2.59,"259 days shared in 2020"
"1150","PA","SD",4,0.04,"4 days shared in 2020"
"1151","PA","TN",39,0.39,"39 days shared in 2020"
"1152","PA","TX",256,2.56,"256 days shared in 2020"
"1153","PA","UT",256,2.56,"256 days shared in 2020"
"1154","PA","VA",263,2.63,"263 days shared in 2020"
"1155","PA","VT",275,2.75,"275 days shared in 2020"
"1156","PA","WA",276,2.76,"276 days shared in 2020"
"1157","PA","WI",56,0.56,"56 days shared in 2020"
"1158","PA","WV",259,2.59,"259 days shared in 2020"
"1159","PA","WY",271,2.71,"271 days shared in 2020"
"1160","RI","SC",286,2.86,"286 days shared in 2020"
"1161","RI","SD",2,0.02,"2 days shared in 2020"
"1162","RI","TN",37,0.37,"37 days shared in 2020"
"1163","RI","TX",281,2.81,"281 days shared in 2020"
"1164","RI","UT",283,2.83,"283 days shared in 2020"
"1165","RI","VA",278,2.78,"278 days shared in 2020"
"1166","RI","VT",278,2.78,"278 days shared in 2020"
"1167","RI","WA",277,2.77,"277 days shared in 2020"
"1168","RI","WI",54,0.54,"54 days shared in 2020"
"1169","RI","WV",286,2.86,"286 days shared in 2020"
"1170","RI","WY",284,2.84,"284 days shared in 2020"
"1171","SC","SD",3,0.03,"3 days shared in 2020"
"1172","SC","TN",38,0.38,"38 days shared in 2020"
"1173","SC","TX",287,2.87,"287 days shared in 2020"
"1174","SC","UT",289,2.89,"289 days shared in 2020"
"1175","SC","VA",273,2.73,"273 days shared in 2020"
"1176","SC","VT",272,2.72,"272 days shared in 2020"
"1177","SC","WA",271,2.71,"271 days shared in 2020"
"1178","SC","WI",48,0.48,"48 days shared in 2020"
"1179","SC","WV",292,2.92,"292 days shared in 2020"
"1180","SC","WY",280,2.8,"280 days shared in 2020"
"1181","SD","TN",256,2.56,"256 days shared in 2020"
"1182","SD","TX",5,0.05,"5 days shared in 2020"
"1183","SD","UT",3,0.03,"3 days shared in 2020"
"1184","SD","VA",1,0.01,"1 days shared in 2020"
"1185","SD","VT",1,0.01,"1 days shared in 2020"
"1186","SD","WA",1,0.01,"1 days shared in 2020"
"1187","SD","WI",234,2.34,"234 days shared in 2020"
"1188","SD","WV",3,0.03,"3 days shared in 2020"
"1189","SD","WY",4,0.04,"4 days shared in 2020"
"1190","TN","TX",40,0.4,"40 days shared in 2020"
"1191","TN","UT",38,0.38,"38 days shared in 2020"
"1192","TN","VA",35,0.35,"35 days shared in 2020"
"1193","TN","VT",36,0.36,"36 days shared in 2020"
"1194","TN","WA",36,0.36,"36 days shared in 2020"
"1195","TN","WI",269,2.69,"269 days shared in 2020"
"1196","TN","WV",38,0.38,"38 days shared in 2020"
"1197","TN","WY",39,0.39,"39 days shared in 2020"
"1198","TX","UT",290,2.9,"290 days shared in 2020"
"1199","TX","VA",270,2.7,"270 days shared in 2020"
"1200","TX","VT",267,2.67,"267 days shared in 2020"
"1201","TX","WA",266,2.66,"266 days shared in 2020"
"1202","TX","WI",43,0.43,"43 days shared in 2020"
"1203","TX","WV",287,2.87,"287 days shared in 2020"
"1204","TX","WY",277,2.77,"277 days shared in 2020"
"1205","UT","VA",270,2.7,"270 days shared in 2020"
"1206","UT","VT",269,2.69,"269 days shared in 2020"
"1207","UT","WA",268,2.68,"268 days shared in 2020"
"1208","UT","WI",45,0.45,"45 days shared in 2020"
"1209","UT","WV",289,2.89,"289 days shared in 2020"
"1210","UT","WY",277,2.77,"277 days shared in 2020"
"1211","VA","VT",278,2.78,"278 days shared in 2020"
"1212","VA","WA",276,2.76,"276 days shared in 2020"
"1213","VA","WI",52,0.52,"52 days shared in 2020"
"1214","VA","WV",273,2.73,"273 days shared in 2020"
"1215","VA","WY",284,2.84,"284 days shared in 2020"
"1216","VT","WA",290,2.9,"290 days shared in 2020"
"1217","VT","WI",59,0.59,"59 days shared in 2020"
"1218","VT","WV",272,2.72,"272 days shared in 2020"
"1219","VT","WY",282,2.82,"282 days shared in 2020"
"1220","WA","WI",58,0.58,"58 days shared in 2020"
"1221","WA","WV",271,2.71,"271 days shared in 2020"
"1222","WA","WY",281,2.81,"281 days shared in 2020"
"1223","WI","WV",48,0.48,"48 days shared in 2020"
"1224","WI","WY",56,0.56,"56 days shared in 2020"
"1225","WV","WY",280,2.8,"280 days shared in 2020"
